Peptide,-10lgP,Mass,Length,ppm,m/z,RT,Area RAT,Fraction,Scan,Source File,#Spec,#Spec RAT,Accession,PTM,AScore
LSFAQRTLYM,49.02,1228.6274,10,1.5,615.3219,40.1,2.70E+05,3,14687,20200314_Lum1_OBJ0039764_07_NEO223_RAT_500fmol.raw,1,1,tr|H3BLB0|H3BLB0_MOUSE,,
H(+224.15)SLTNSSSDFM,48.67,1448.6606,11,1.8,725.3389,32.66,3.77E+06,3,11904,20200314_Lum1_OBJ0039764_07_NEO223_RAT_500fmol.raw,1,1,NEO_Setx,TMT,H1:TMT:1000.00
DDPHAC(+57.02)YSTVFDK,46.39,1553.6456,13,1.6,777.8313,28.87,2.24E+04,3,10485,20200314_Lum1_OBJ0039764_07_NEO223_RAT_500fmol.raw,1,1,,Carbamidomethylation,C6:Carbamidomethylation:1000.00
V(+224.15)QINNPVTFL,45.23,1367.7812,10,1.9,1368.7911,59.66,1.37E+08,3,22002,20200314_Lum1_OBJ0039764_07_NEO223_RAT_500fmol.raw,4,4,NEO_Itgb2,TMT,V1:TMT:1000.00
I(+224.15)NPHWNFEK(+224.15)M,45.04,1762.9229,10,1.7,588.6492,42.55,7.63E+05,3,15602,20200314_Lum1_OBJ0039764_07_NEO223_RAT_500fmol.raw,1,1,NEO_Nsf,TMT,I1:TMT:1000.00;K9:TMT:1000.00
IVGHFYGGL,44.72,961.5021,9,1.2,481.7589,34.96,4.94E+05,3,12761,20200314_Lum1_OBJ0039764_07_NEO223_RAT_500fmol.raw,1,1,NEO_Aoc2,,
H(+224.15)SLTNSSSDFM(+15.99),44.17,1464.6555,11,0.4,733.3353,27.2,1.30E+05,3,9858,20200314_Lum1_OBJ0039764_07_NEO223_RAT_500fmol.raw,1,1,NEO_Setx,TMT; Oxidation (M),H1:TMT:1000.00;M11:Oxidation (M):1000.00
A(+224.15)TLAQFNTV,44.12,1187.655,9,1.1,1188.6636,45.04,2.01E+08,3,16541,20200314_Lum1_OBJ0039764_07_NEO223_RAT_500fmol.raw,3,3,NEO_Rgl3,TMT,A1:TMT:1000.00
TGYVERSPL,43.46,1020.524,9,2.8,511.2707,26.84,4.58E+06,3,9725,20200314_Lum1_OBJ0039764_07_NEO223_RAT_500fmol.raw,1,1,NEO_Mttp,,
ECTFSHLTK(+224.15)L,43.41,1401.7327,10,2,701.875,46.35,1.92E+05,3,17033,20200314_Lum1_OBJ0039764_07_NEO223_RAT_500fmol.raw,1,1,NEO_Flrt2,TMT,K9:TMT:154.74
VAALREFLV,42.97,1016.6018,9,1.6,509.309,44.2,1.30E+06,3,16226,20200314_Lum1_OBJ0039764_07_NEO223_RAT_500fmol.raw,1,1,NEO_Ubl7,,
TAVVRQSTL,42.68,973.5557,9,3,487.7866,22.88,4.97E+05,3,8251,20200314_Lum1_OBJ0039764_07_NEO223_RAT_500fmol.raw,2,2,NEO_Ptprs,,
ASAC(+57.02)NVQHL,42.57,998.4604,9,2.4,500.2387,20.18,7.54E+04,3,7251,20200314_Lum1_OBJ0039764_07_NEO223_RAT_500fmol.raw,1,1,NEO_Zhx3,Carbamidomethylation,C4:Carbamidomethylation:1000.00
I(+224.15)VGHFYGGL,42.53,1185.6545,9,2.2,593.8359,44.98,1.01E+08,3,16517,20200314_Lum1_OBJ0039764_07_NEO223_RAT_500fmol.raw,3,3,NEO_Aoc2,TMT,I1:TMT:1000.00
MNIAHLHL,42.34,947.5011,8,0.9,474.7583,32.49,2.94E+05,3,11839,20200314_Lum1_OBJ0039764_07_NEO223_RAT_500fmol.raw,2,2,NEO_Gpsm1,,
C(+57.02)(+224.15)SYLPELPL,42.25,1314.6893,9,2.1,1315.6993,61.41,1.67E+05,3,22656,20200314_Lum1_OBJ0039764_07_NEO223_RAT_500fmol.raw,1,1,NEO_Chac1,Carbamidomethylation; TMT,C1:Carbamidomethylation:1000.00;C1:TMT:1000.00
S(+224.15)SPGFC(+57.02)NTFL,42.1,1352.6434,10,1.8,1353.6532,50.32,1.56E+08,3,18522,20200314_Lum1_OBJ0039764_07_NEO223_RAT_500fmol.raw,4,4,NEO_Phrf1,TMT; Carbamidomethylation,S1:TMT:1000.00;C6:Carbamidomethylation:1000.00
EYEATLEEC(+57.02)C(+57.02)AK,41.83,1501.6064,12,1.4,751.8116,25.74,9.17E+04,3,9307,20200314_Lum1_OBJ0039764_07_NEO223_RAT_500fmol.raw,1,1,,Carbamidomethylation,C9:Carbamidomethylation:1000.00;C10:Carbamidomethylation:1000.00
C(+57.02)(+224.15)VVPFTDLL,41.73,1286.6945,9,1.4,1287.7035,66.86,2.15E+08,3,24676,20200314_Lum1_OBJ0039764_07_NEO223_RAT_500fmol.raw,7,7,NEO_Ampd2,Carbamidomethylation; TMT,C1:Carbamidomethylation:1000.00;C1:TMT:1000.00
L(+224.15)MLENYNNL,41.7,1346.6904,9,2.1,1347.7006,52.94,1.14E+08,3,19502,20200314_Lum1_OBJ0039764_07_NEO223_RAT_500fmol.raw,4,4,NEO_Zfp759,TMT,L1:TMT:1000.00
M(+224.15)NMGQFLEF,41.7,1339.6305,9,2,1340.6405,65.24,2.15E+07,3,24078,20200314_Lum1_OBJ0039764_07_NEO223_RAT_500fmol.raw,2,2,NEO_Rwdd2a,TMT,M1:TMT:1000.00
S(+224.15)VFGQSNDS,41.66,1163.5459,9,22391.3,1190.6064,41.68,2.87E+07,3,15277,20200314_Lum1_OBJ0039764_07_NEO223_RAT_500fmol.raw,4,4,NEO_Lrrk2,TMT,S1:TMT:1000.00
M(+224.15)SYFLQGTL,41.6,1282.6631,9,2.7,1283.6738,60.3,1.46E+08,3,22240,20200314_Lum1_OBJ0039764_07_NEO223_RAT_500fmol.raw,4,4,NEO_Copb2,TMT,M1:TMT:1000.00
GIVGHFYGGL,41.6,1018.5236,10,2.3,510.2702,39.46,9.93E+04,3,14448,20200314_Lum1_OBJ0039764_07_NEO223_RAT_500fmol.raw,1,1,NEO_Aoc2,,
L(+224.15)GVC(+57.02)MYGML,41.5,1266.6174,9,2.2,1267.6274,61.05,2.12E+07,3,22519,20200314_Lum1_OBJ0039764_07_NEO223_RAT_500fmol.raw,2,2,NEO_Cdc42bpa,TMT; Carbamidomethylation,L1:TMT:1000.00;C4:Carbamidomethylation:1000.00
N(+224.15)NEDYYSLL,41.29,1353.6453,9,1.7,1354.6549,49.87,5.95E+07,3,18352,20200314_Lum1_OBJ0039764_07_NEO223_RAT_500fmol.raw,2,2,NEO_Dnajc11,TMT,N1:TMT:1000.00
A(+224.15)ALLNSAVL,41.13,1094.6699,9,2.1,1095.6794,52.97,4.80E+06,3,19513,20200314_Lum1_OBJ0039764_07_NEO223_RAT_500fmol.raw,5,5,NEO_Irgq,TMT,A1:TMT:1000.00
L(+224.15)SFAQRTLYM,41.1,1452.7799,10,3.6,727.3998,47.41,1.28E+08,3,17430,20200314_Lum1_OBJ0039764_07_NEO223_RAT_500fmol.raw,3,3,tr|H3BLB0|H3BLB0_MOUSE,TMT,L1:TMT:1000.00
M(+224.15)STQNLATV,41.08,1187.6221,9,0.9,1188.6304,38.68,1.23E+08,3,14150,20200314_Lum1_OBJ0039764_07_NEO223_RAT_500fmol.raw,3,3,NEO_Arhgap24,TMT,M1:TMT:1000.00
M(+224.15)ALSTYYAL,40.91,1255.6522,9,1.6,1256.6615,55.62,1.40E+08,3,20500,20200314_Lum1_OBJ0039764_07_NEO223_RAT_500fmol.raw,6,6,NEO_Nle1,TMT,M1:TMT:1000.00
PMTK(+224.15)NTQYI,40.83,1318.6956,9,1.6,660.3561,29.34,5.26E+05,3,10662,20200314_Lum1_OBJ0039764_07_NEO223_RAT_500fmol.raw,1,1,NEO_Ckap2l,TMT,K4:TMT:57.45
LSLVRTMAV,40.8,988.5739,9,0.3,495.2944,36.86,3.70E+05,3,13472,20200314_Lum1_OBJ0039764_07_NEO223_RAT_500fmol.raw,1,1,NEO_Aqr,,
IFVRHMVGV,40.64,1056.5902,9,1.8,529.3033,28.45,4.78E+05,3,10326,20200314_Lum1_OBJ0039764_07_NEO223_RAT_500fmol.raw,2,2,NEO_Prep,,
S(+224.15)VAGFNPAL,40.59,1098.6073,9,1.5,1099.6162,46.3,1.08E+07,3,17014,20200314_Lum1_OBJ0039764_07_NEO223_RAT_500fmol.raw,3,3,NEO_Tor1aip2,TMT,S1:TMT:1000.00
TATRNDFTL,40.49,1037.5142,9,1.3,1038.5228,28.86,3.64E+05,3,10483,20200314_Lum1_OBJ0039764_07_NEO223_RAT_500fmol.raw,1,1,NEO_Ccdc171,,
S(+224.15)WGGLC(+57.02)SNL,40.45,1216.5911,9,1.5,1217.6002,47.25,1.22E+08,3,17371,20200314_Lum1_OBJ0039764_07_NEO223_RAT_500fmol.raw,3,3,NEO_Stc2,TMT; Carbamidomethylation,S1:TMT:1000.00;C6:Carbamidomethylation:1000.00
Y(+224.15)TIC(+57.02)NPC(+57.02)VPV,39.91,1445.7047,10,2.1,1446.7151,45.67,8.44E+07,3,16775,20200314_Lum1_OBJ0039764_07_NEO223_RAT_500fmol.raw,3,3,NEO_Hnrnpl,TMT; Carbamidomethylation,Y1:TMT:1000.00;C4:Carbamidomethylation:1000.00;C7:Carbamidomethylation:1000.00
L(+224.15)SFAQRTLYM(+15.99),39.82,1468.7748,10,1.6,735.3958,41.4,7.16E+06,3,15173,20200314_Lum1_OBJ0039764_07_NEO223_RAT_500fmol.raw,1,1,tr|H3BLB0|H3BLB0_MOUSE,TMT; Oxidation (M),L1:TMT:1000.00;M10:Oxidation (M):1000.00
L(+224.15)APYFISEPL,39.68,1372.7642,10,1.9,1373.774,66.15,7.95E+04,3,24416,20200314_Lum1_OBJ0039764_07_NEO223_RAT_500fmol.raw,2,2,sp|Q32MD9|CDON_MOUSE,TMT,L1:TMT:1000.00
L(+224.15)APYFLSEPL,39.68,1372.7642,10,1.9,1373.774,66.15,7.95E+04,3,24416,20200314_Lum1_OBJ0039764_07_NEO223_RAT_500fmol.raw,2,2,,TMT,L1:TMT:1000.00
S(+224.15)VTVFVNNL,39.64,1215.6863,9,2,1216.696,53.56,3.98E+05,3,19733,20200314_Lum1_OBJ0039764_07_NEO223_RAT_500fmol.raw,3,3,NEO_Sart3,TMT,S1:TMT:1000.00
MTYLHNLEM,39.18,1150.5151,9,1.7,576.2658,37.22,1.34E+05,3,13610,20200314_Lum1_OBJ0039764_07_NEO223_RAT_500fmol.raw,1,1,tr|F8VPX6|F8VPX6_MOUSE,,
A(+224.15)QLANDVVL,39.04,1165.6707,9,0.6,1166.6786,47.26,4.87E+07,3,17374,20200314_Lum1_OBJ0039764_07_NEO223_RAT_500fmol.raw,4,4,NEO_Reps1,TMT,A1:TMT:1000.00
A(+224.15)SYNGFLPV,39.03,1190.6335,9,2.7,1191.644,53.28,2.65E+07,3,19625,20200314_Lum1_OBJ0039764_07_NEO223_RAT_500fmol.raw,2,2,NEO_Huwe1,TMT,A1:TMT:1000.00
S(+224.15)SVLFEYM,38.94,1198.5944,8,1.9,1199.6039,58.36,8.42E+07,3,21515,20200314_Lum1_OBJ0039764_07_NEO223_RAT_500fmol.raw,4,4,NEO_Med12,TMT,S1:TMT:1000.00
C(+57.02)(+224.15)TFSHLTK(+224.15)L,38.86,1553.864,9,1,777.9401,35.87,3.51E+06,3,13105,20200314_Lum1_OBJ0039764_07_NEO223_RAT_500fmol.raw,3,3,NEO_Flrt2,Carbamidomethylation; TMT,C1:Carbamidomethylation:1000.00;C1:TMT:1000.00;K8:TMT:1000.00
F(+224.15)SLSFQHPV,38.69,1284.6866,9,2,643.3519,46.26,8.63E+07,3,16999,20200314_Lum1_OBJ0039764_07_NEO223_RAT_500fmol.raw,2,2,NEO_Med1,TMT,F1:TMT:1000.00
V(+224.15)IYSEC(+57.02)LRV,38.68,1361.7377,9,1.7,681.8773,42.54,5.05E+08,3,15600,20200314_Lum1_OBJ0039764_07_NEO223_RAT_500fmol.raw,8,8,NEO_Atm,TMT; Carbamidomethylation,V1:TMT:1000.00;C6:Carbamidomethylation:1000.00
MSYFLQGTL,38.66,1058.5106,9,1.5,530.2634,52.32,2.92E+05,3,19268,20200314_Lum1_OBJ0039764_07_NEO223_RAT_500fmol.raw,2,2,NEO_Copb2,,
GIQIAK(+224.15)EMAL,38.48,1296.7476,10,2.1,649.3824,42.94,1.08E+06,3,15752,20200314_Lum1_OBJ0039764_07_NEO223_RAT_500fmol.raw,1,1,NEO_Kif14,TMT,K6:TMT:64.28
I(+224.15)NPHWNFEK(+224.15)M(+15.99),38.42,1778.9178,10,3.2,593.9818,38.1,9.33E+04,3,13937,20200314_Lum1_OBJ0039764_07_NEO223_RAT_500fmol.raw,1,1,NEO_Nsf,TMT; Oxidation (M),I1:TMT:1000.00;K9:TMT:1000.00;M10:Oxidation (M):1000.00
M(+224.15)APIDHTTM,38.41,1239.5991,9,1.9,620.808,33.77,1.28E+08,3,12317,20200314_Lum1_OBJ0039764_07_NEO223_RAT_500fmol.raw,5,5,NEO_Aatf,TMT,M1:TMT:1000.00
S(+224.15)YVSLWPDL,38.4,1302.6859,9,2,1303.6958,64.49,2.58E+06,3,23799,20200314_Lum1_OBJ0039764_07_NEO223_RAT_500fmol.raw,3,3,NEO_Qrich1,TMT,S1:TMT:1000.00
ASYSLVAHI,38.37,959.5076,9,1.2,480.7617,35.12,2.12E+05,3,12821,20200314_Lum1_OBJ0039764_07_NEO223_RAT_500fmol.raw,1,1,NEO_Nfe2l2,,
SVFGQSNDS,38.36,939.3934,9,27734.3,966.4541,35.25,3.40E+06,3,12873,20200314_Lum1_OBJ0039764_07_NEO223_RAT_500fmol.raw,2,2,NEO_Lrrk2,,
K(+224.15)GYYFNK(+224.15)GTL,38.31,1637.9181,10,1.1,546.9806,34.28,6.87E+04,3,12509,20200314_Lum1_OBJ0039764_07_NEO223_RAT_500fmol.raw,1,1,NEO_Pcsk4,TMT,K1:TMT:1000.00;K7:TMT:1000.00
GLFFPC(+57.02)SNPL,38,1150.5481,10,1.3,576.282,54.76,5.26E+05,3,20173,20200314_Lum1_OBJ0039764_07_NEO223_RAT_500fmol.raw,1,1,NEO_Slc5a6,Carbamidomethylation,C6:Carbamidomethylation:1000.00
I(+224.15)GAGFFSDV,37.86,1135.5913,9,1.2,1136.6,58.43,2.06E+08,3,21542,20200314_Lum1_OBJ0039764_07_NEO223_RAT_500fmol.raw,4,4,NEO_Tesk1,TMT,I1:TMT:1000.00
I(+224.15)FVRHMVGV,37.44,1280.7427,9,1.8,641.3798,37.14,1.33E+08,3,13580,20200314_Lum1_OBJ0039764_07_NEO223_RAT_500fmol.raw,4,4,NEO_Prep,TMT,I1:TMT:1000.00
V(+224.15)MK(+224.15)AHRTSL,37.36,1489.8802,9,2.8,373.4784,24.15,1.63E+07,3,8722,20200314_Lum1_OBJ0039764_07_NEO223_RAT_500fmol.raw,1,1,NEO_Lrrk2,TMT,V1:TMT:1000.00;K3:TMT:1000.00
V(+224.15)NGLLYVSV,37.34,1186.6962,9,1.6,1187.7053,57.54,3.51E+07,3,21215,20200314_Lum1_OBJ0039764_07_NEO223_RAT_500fmol.raw,3,3,NEO_Ipp,TMT,V1:TMT:1000.00
M(+224.15)QQLNPEFV,37.04,1328.6798,9,2.2,665.3486,48.98,2.37E+07,3,18020,20200314_Lum1_OBJ0039764_07_NEO223_RAT_500fmol.raw,2,2,NEO_Sgta,TMT,M1:TMT:1000.00
M(+224.15)TYLHNLEM,36.97,1374.6676,9,2.4,688.3427,44.78,9.23E+07,3,16444,20200314_Lum1_OBJ0039764_07_NEO223_RAT_500fmol.raw,3,3,tr|F8VPX6|F8VPX6_MOUSE,TMT,M1:TMT:1000.00
L(+224.15)ALTDLQYI,36.97,1272.7329,9,2,1273.7427,64.39,2.50E+05,3,23763,20200314_Lum1_OBJ0039764_07_NEO223_RAT_500fmol.raw,5,5,NEO_Cnnm4,TMT,L1:TMT:1000.00
V(+224.15)QFMSC(+57.02)NL,36.91,1221.5886,8,1.8,1222.5981,48.5,1.16E+08,3,17844,20200314_Lum1_OBJ0039764_07_NEO223_RAT_500fmol.raw,3,3,NEO_Taf5l,TMT; Carbamidomethylation,V1:TMT:1000.00;C6:Carbamidomethylation:1000.00
V(+224.15)IYQLC(+57.02)AF,36.9,1236.6576,8,2.1,1237.6675,58.15,1.36E+08,3,21440,20200314_Lum1_OBJ0039764_07_NEO223_RAT_500fmol.raw,5,5,NEO_Nup205,TMT; Carbamidomethylation,V1:TMT:1000.00;C6:Carbamidomethylation:1000.00
F(+224.15)AINMETC(+57.02)WI,36.86,1507.7203,10,2.7,754.8694,66.32,1.56E+07,3,24473,20200314_Lum1_OBJ0039764_07_NEO223_RAT_500fmol.raw,5,5,NEO_Fat1,TMT; Carbamidomethylation,F1:TMT:1000.00;C8:Carbamidomethylation:1000.00
L(+224.15)FFPC(+57.02)SNPL,36.72,1317.6791,9,2.7,1318.6899,61.97,1.42E+08,3,22865,20200314_Lum1_OBJ0039764_07_NEO223_RAT_500fmol.raw,3,3,NEO_Slc5a6,TMT; Carbamidomethylation,L1:TMT:1000.00;C5:Carbamidomethylation:1000.00
KIHQNLEEM,36.53,1140.5597,9,2.5,571.2886,20.78,8.64E+05,3,7465,20200314_Lum1_OBJ0039764_07_NEO223_RAT_500fmol.raw,2,2,NEO_Cenpe,,
V(+224.15)SPVNDLDV,36.42,1180.6339,9,3.2,591.3261,45.24,3.40E+06,3,16614,20200314_Lum1_OBJ0039764_07_NEO223_RAT_500fmol.raw,1,1,NEO_Chmp7,TMT,V1:TMT:1000.00
P(+224.15)NAGFMSQL,36.33,1187.6008,9,3.2,1188.6119,48.53,1.28E+08,3,17853,20200314_Lum1_OBJ0039764_07_NEO223_RAT_500fmol.raw,3,3,NEO_Ssh1,TMT,P1:TMT:1000.00
V(+224.15)VFDSVQRI,36.21,1285.7394,9,2,643.8782,43.46,1.32E+08,3,15944,20200314_Lum1_OBJ0039764_07_NEO223_RAT_500fmol.raw,3,3,NEO_Apeh,TMT,V1:TMT:1000.00
M(+15.99)(+224.15)TYLHNLEM,36.19,1390.6625,9,1.6,696.3397,38.52,5.90E+06,3,14091,20200314_Lum1_OBJ0039764_07_NEO223_RAT_500fmol.raw,1,1,tr|F8VPX6|F8VPX6_MOUSE,Oxidation (M); TMT,M1:Oxidation (M):166.68;M1:TMT:1000.00
Q(+224.15)IYAFLQGF,36.06,1309.707,9,0.9,1310.7155,67.14,2.55E+06,3,24772,20200314_Lum1_OBJ0039764_07_NEO223_RAT_500fmol.raw,4,4,NEO_Hace1,TMT,Q1:TMT:1000.00
QIYAFLQGF,36,1085.5546,9,3.5,543.7864,60.18,3.49E+04,3,22195,20200314_Lum1_OBJ0039764_07_NEO223_RAT_500fmol.raw,1,1,NEO_Hace1,,
L(+224.15)NQLYELAL,35.9,1299.7438,9,1.7,1300.7533,64.71,9.23E+07,3,23881,20200314_Lum1_OBJ0039764_07_NEO223_RAT_500fmol.raw,3,3,NEO_Xab2,TMT,L1:TMT:1000.00
S(+224.15)AIRSYQYV,35.86,1309.703,9,2.3,655.8603,31.54,2.25E+07,3,11492,20200314_Lum1_OBJ0039764_07_NEO223_RAT_500fmol.raw,1,1,NEO_Spire1,TMT,S1:TMT:1000.00
A(+224.15)FFEAASI,35.78,1078.5698,8,1.9,1079.5791,54.43,1.28E+08,3,20060,20200314_Lum1_OBJ0039764_07_NEO223_RAT_500fmol.raw,3,3,NEO_Jak1,TMT,A1:TMT:1000.00
P(+224.15)SLLNWTRV,35.74,1308.7554,9,2.3,655.3865,50.47,9.07E+07,3,18576,20200314_Lum1_OBJ0039764_07_NEO223_RAT_500fmol.raw,1,1,NEO_Hcfc2,TMT,P1:TMT:1000.00
K(+224.15)IHQNLEEM,35.72,1364.7122,9,1.9,683.3647,24.6,3.85E+05,3,8886,20200314_Lum1_OBJ0039764_07_NEO223_RAT_500fmol.raw,3,3,NEO_Cenpe,TMT,K1:TMT:1000.00
H(+224.15)SFVYSVGF,35.66,1265.6444,9,2.1,633.8308,44.35,4.69E+07,3,16280,20200314_Lum1_OBJ0039764_07_NEO223_RAT_500fmol.raw,4,4,NEO_Srebf2,TMT,H1:TMT:1000.00
S(+224.15)AVDFK(+224.15)LHI,35.65,1476.8704,9,1.8,739.4438,42.63,1.20E+08,3,15633,20200314_Lum1_OBJ0039764_07_NEO223_RAT_500fmol.raw,3,3,NEO_Syde1,TMT,S1:TMT:1000.00;K6:TMT:1000.00
A(+224.15)SYSLVAHI,35.61,1183.66,9,1.9,592.8384,40.33,8.46E+07,3,14774,20200314_Lum1_OBJ0039764_07_NEO223_RAT_500fmol.raw,3,3,NEO_Nfe2l2,TMT,A1:TMT:1000.00
SLLEHMSLL,35.6,1041.5529,9,1.5,521.7845,48.79,2.08E+05,3,17950,20200314_Lum1_OBJ0039764_07_NEO223_RAT_500fmol.raw,1,1,NEO_Zbtb24,,
GVQINNPVTFL,35.55,1200.6503,11,2.5,601.3339,54.8,4.30E+05,3,20187,20200314_Lum1_OBJ0039764_07_NEO223_RAT_500fmol.raw,1,1,NEO_Itgb2,,
Y(+224.15)VWGRYDFL,35.54,1441.7394,9,1.8,721.8783,55.08,5.20E+06,3,20294,20200314_Lum1_OBJ0039764_07_NEO223_RAT_500fmol.raw,1,1,NEO_Rnpep,TMT,Y1:TMT:1000.00
Q(+224.15)KIHQNLEEM,35.53,1492.7708,10,-5.8,747.3883,39,5.23E+04,3,14273,20200314_Lum1_OBJ0039764_07_NEO223_RAT_500fmol.raw,2,2,NEO_Cenpe,TMT,Q1:TMT:0.00
F(+224.15)VMDYIPV,35.51,1206.6359,8,1.5,1207.6449,65.96,6.16E+07,3,24349,20200314_Lum1_OBJ0039764_07_NEO223_RAT_500fmol.raw,2,2,NEO_Lats1,TMT,F1:TMT:1000.00
M(+15.99)(+224.15)SYFLQGTL,35.45,1298.6581,9,2.1,650.3377,51.56,1.59E+07,3,18977,20200314_Lum1_OBJ0039764_07_NEO223_RAT_500fmol.raw,7,7,NEO_Copb2,Oxidation (M); TMT,M1:Oxidation (M):1000.00;M1:TMT:1000.00
A(+224.15)LLNSAVL,35.36,1023.6328,8,2.1,1024.6422,52.52,0.00E+00,3,19342,20200314_Lum1_OBJ0039764_07_NEO223_RAT_500fmol.raw,2,2,NEO_Irgq,TMT,A1:TMT:1000.00
Q(+224.15)QHTFAQV,35.34,1181.6193,8,1.7,591.8179,26.47,3.21E+06,3,9586,20200314_Lum1_OBJ0039764_07_NEO223_RAT_500fmol.raw,1,1,NEO_Mocos,TMT,Q1:TMT:1000.00
A(+224.15)SMTNMELM,35.33,1250.5709,9,1.9,626.2939,47.42,2.23E+07,3,17432,20200314_Lum1_OBJ0039764_07_NEO223_RAT_500fmol.raw,2,2,NEO_Adpgk,TMT,A1:TMT:1000.00
S(+224.15)SMVPSAL,35.31,1014.542,8,0.8,1015.5501,42.48,1.33E+07,3,15578,20200314_Lum1_OBJ0039764_07_NEO223_RAT_500fmol.raw,2,2,NEO_Pitx2,TMT,S1:TMT:1000.00
V(+224.15)MLENYNNL,35.28,1332.6748,9,2.8,667.3466,51.74,2.56E+04,3,19046,20200314_Lum1_OBJ0039764_07_NEO223_RAT_500fmol.raw,1,1,tr|H3BLB0|H3BLB0_MOUSE:tr|E9PUS4|E9PUS4_MOUSE,TMT,V1:TMT:1000.00
VVRQSTL,35.23,801.4708,7,1.1,802.479,22.49,9.99E+04,3,8106,20200314_Lum1_OBJ0039764_07_NEO223_RAT_500fmol.raw,1,1,NEO_Ptprs,,
VQINNPVTFL,35.12,1143.6288,10,1.8,572.8227,54.06,3.62E+04,3,19922,20200314_Lum1_OBJ0039764_07_NEO223_RAT_500fmol.raw,1,1,NEO_Itgb2,,
C(+57.02)TFSHLTK(+224.15)L,34.87,1329.7115,9,1.1,444.2449,31.25,8.01E+04,3,11382,20200314_Lum1_OBJ0039764_07_NEO223_RAT_500fmol.raw,1,1,NEO_Flrt2,Carbamidomethylation; TMT,C1:Carbamidomethylation:1000.00;K8:TMT:1000.00
S(+224.15)SISKAML,34.83,1059.5999,8,1.2,530.8079,31.79,2.87E+05,3,11585,20200314_Lum1_OBJ0039764_07_NEO223_RAT_500fmol.raw,1,1,NEO_Dtx3l,TMT,S1:TMT:64.94
S(+224.15)LLEHMSLL,34.66,1265.7053,9,1.3,633.8608,54.7,6.38E+07,3,20155,20200314_Lum1_OBJ0039764_07_NEO223_RAT_500fmol.raw,3,3,NEO_Zbtb24,TMT,S1:TMT:1000.00
AQARNSLEL,34.57,1000.5302,9,1,501.2729,25.58,1.28E+06,3,9248,20200314_Lum1_OBJ0039764_07_NEO223_RAT_500fmol.raw,1,1,NEO_Trpc1,,
LSASRYALL,34.56,992.5654,9,1.8,497.2909,34.7,1.47E+05,3,12662,20200314_Lum1_OBJ0039764_07_NEO223_RAT_500fmol.raw,1,1,NEO_Slc12a4,,
I(+224.15)FDYNYNGL,34.54,1341.6605,9,2.4,671.8392,56.35,1.39E+05,3,20774,20200314_Lum1_OBJ0039764_07_NEO223_RAT_500fmol.raw,1,1,sp|Q9R1E6|ENPP2_MOUSE,TMT,I1:TMT:1000.00
D(+224.15)VYPFHM(+15.99)IL,34.48,1373.7053,9,2.5,687.8616,49.21,6.07E+06,3,18106,20200314_Lum1_OBJ0039764_07_NEO223_RAT_500fmol.raw,5,5,NEO_Gtf3c1,TMT; Oxidation (M),D1:TMT:1000.00;M7:Oxidation (M):1000.00
VVFDSVQRI,34.45,1061.5869,9,1.2,531.8014,34.49,4.00E+05,3,12584,20200314_Lum1_OBJ0039764_07_NEO223_RAT_500fmol.raw,1,1,NEO_Apeh,,
C(+57.02)(+224.15)VYEHTAVL,34.43,1314.6642,9,3.1,658.3414,33.82,5.62E+07,3,12336,20200314_Lum1_OBJ0039764_07_NEO223_RAT_500fmol.raw,4,4,NEO_Herc6,Carbamidomethylation; TMT,C1:Carbamidomethylation:1000.00;C1:TMT:1000.00
S(+224.15)LLEHM(+15.99)SLL,34.39,1281.7002,9,1.9,641.8586,43.7,3.73E+06,3,16033,20200314_Lum1_OBJ0039764_07_NEO223_RAT_500fmol.raw,2,2,NEO_Zbtb24,TMT; Oxidation (M),S1:TMT:1000.00;M6:Oxidation (M):1000.00
M(+15.99)(+224.15)APIDHTTM,34.36,1255.5941,9,1.1,628.8051,28.7,9.47E+06,3,10422,20200314_Lum1_OBJ0039764_07_NEO223_RAT_500fmol.raw,2,2,NEO_Aatf,Oxidation (M); TMT,M1:Oxidation (M):95.45;M1:TMT:1000.00
D(+224.15)AYSHHSGF,34.3,1243.5621,9,2.6,415.5291,23.36,2.72E+05,3,8428,20200314_Lum1_OBJ0039764_07_NEO223_RAT_500fmol.raw,2,2,NEO_Cav2,TMT,D1:TMT:1000.00
I(+224.15)QIAKEMAL,34.27,1239.7261,9,1.4,620.8712,45.05,1.02E+06,3,16543,20200314_Lum1_OBJ0039764_07_NEO223_RAT_500fmol.raw,1,1,NEO_Kif14,TMT,I1:TMT:77.56
M(+224.15)GVMNRRPI,34.21,1296.7158,9,2.5,433.247,28.53,1.50E+08,3,10360,20200314_Lum1_OBJ0039764_07_NEO223_RAT_500fmol.raw,3,3,NEO_Trp53,TMT,M1:TMT:1000.00
V(+224.15)MMTSAEAV,34.1,1161.5774,9,1.7,581.7969,41.68,1.60E+07,3,15275,20200314_Lum1_OBJ0039764_07_NEO223_RAT_500fmol.raw,2,2,NEO_Slc35e4,TMT,V1:TMT:1000.00
I(+224.15)MLQYHAL,34.07,1211.6736,8,1.9,606.8452,45.26,4.66E+07,3,16620,20200314_Lum1_OBJ0039764_07_NEO223_RAT_500fmol.raw,2,2,NEO_Copg2,TMT,I1:TMT:1000.00
F(+224.15)AINM(+15.99)ETC(+57.02)WI,33.95,1523.7152,10,2.7,762.8669,59.11,4.42E+06,3,21793,20200314_Lum1_OBJ0039764_07_NEO223_RAT_500fmol.raw,4,4,NEO_Fat1,TMT; Oxidation (M); Carbamidomethylation,F1:TMT:1000.00;M5:Oxidation (M):1000.00;C8:Carbamidomethylation:1000.00
Q(+224.15)FFHC(+57.02)YC(+57.02)PL,33.95,1494.6788,9,1.7,748.348,43.19,5.03E+07,3,15847,20200314_Lum1_OBJ0039764_07_NEO223_RAT_500fmol.raw,4,4,NEO_Cry1,TMT; Carbamidomethylation,Q1:TMT:1000.00;C5:Carbamidomethylation:1000.00;C7:Carbamidomethylation:1000.00
S(+224.15)AWVPFGGL,33.88,1156.6281,9,2.2,1157.6378,62.41,4.38E+06,3,23027,20200314_Lum1_OBJ0039764_07_NEO223_RAT_500fmol.raw,4,4,NEO_Tmem198b,TMT,S1:TMT:1000.00
P(+224.15)MTK(+224.15)NTQYI,33.87,1542.848,9,1.9,772.4327,35.17,9.12E+07,3,12842,20200314_Lum1_OBJ0039764_07_NEO223_RAT_500fmol.raw,2,2,NEO_Ckap2l,TMT,P1:TMT:1000.00;K4:TMT:1000.00
LMLENYNNL,33.73,1122.538,9,1.3,562.277,43.62,2.07E+05,3,16004,20200314_Lum1_OBJ0039764_07_NEO223_RAT_500fmol.raw,1,1,NEO_Zfp759,,
L(+224.15)QPLFYAL,33.69,1187.6954,8,1,1188.7039,67.65,1.51E+05,3,24962,20200314_Lum1_OBJ0039764_07_NEO223_RAT_500fmol.raw,2,2,NEO_Exoc3l,TMT,L1:TMT:1000.00
A(+224.15)VIGYSLL,33.67,1058.6376,8,1.7,1059.6466,57.46,2.03E+07,3,21187,20200314_Lum1_OBJ0039764_07_NEO223_RAT_500fmol.raw,1,1,NEO_Yipf4,TMT,A1:TMT:1000.00
IMTQHLEPI,33.63,1080.5637,9,4,541.2913,32.14,1.80E+05,3,11712,20200314_Lum1_OBJ0039764_07_NEO223_RAT_500fmol.raw,1,1,NEO_Tmem161a,,
YISCVYEHTAVL,33.58,1396.6697,12,1.4,699.3431,38.46,2.49E+06,3,14069,20200314_Lum1_OBJ0039764_07_NEO223_RAT_500fmol.raw,1,1,NEO_Herc6,,
VIYSEC(+57.02)LRV,33.55,1137.5852,9,1.9,569.801,33.8,2.34E+06,3,12329,20200314_Lum1_OBJ0039764_07_NEO223_RAT_500fmol.raw,1,1,NEO_Atm,Carbamidomethylation,C6:Carbamidomethylation:1000.00
D(+224.15)VYPFHMIL,33.52,1357.7104,9,1.5,679.8635,56.88,5.31E+07,3,20969,20200314_Lum1_OBJ0039764_07_NEO223_RAT_500fmol.raw,3,3,NEO_Gtf3c1,TMT,D1:TMT:1000.00
E(+224.15)VLAFAIL,33.46,1098.6688,8,3.2,1099.6796,70.4,3.67E+04,3,25994,20200314_Lum1_OBJ0039764_07_NEO223_RAT_500fmol.raw,1,1,NEO_Actr1b,TMT,E1:TMT:1000.00
V(+224.15)AALREFLV,33.38,1240.7543,9,2,621.3857,54.72,2.02E+08,3,20162,20200314_Lum1_OBJ0039764_07_NEO223_RAT_500fmol.raw,4,4,NEO_Ubl7,TMT,V1:TMT:1000.00
SAIRSYQYV,33.14,1085.5505,9,2.2,543.7838,27.17,1.24E+04,3,9850,20200314_Lum1_OBJ0039764_07_NEO223_RAT_500fmol.raw,1,1,NEO_Spire1,,
K(+224.15)VLQK(+224.15)LC(+57.02)QL,33.07,1576.9739,9,1.5,526.666,35.79,8.88E+05,3,13074,20200314_Lum1_OBJ0039764_07_NEO223_RAT_500fmol.raw,1,1,NEO_Scaper,TMT; Carbamidomethylation,K1:TMT:1000.00;K5:TMT:1000.00;C7:Carbamidomethylation:1000.00
F(+224.15)VYAYVVC(+57.02),32.96,1243.6311,8,6485.3,1252.7037,61.2,1.70E+07,3,22578,20200314_Lum1_OBJ0039764_07_NEO223_RAT_500fmol.raw,2,2,NEO_Jak1,TMT; Carbamidomethylation,F1:TMT:1000.00;C8:Carbamidomethylation:1000.00
VNSIHALL,32.89,865.5021,8,0.3,433.7585,32.85,2.62E+05,3,11976,20200314_Lum1_OBJ0039764_07_NEO223_RAT_500fmol.raw,1,1,NEO_Prex1,,
I(+224.15)QIAK(+224.15)EMAL,32.89,1463.8785,9,1.5,488.9675,49.13,2.35E+08,3,18074,20200314_Lum1_OBJ0039764_07_NEO223_RAT_500fmol.raw,3,3,NEO_Kif14,TMT,I1:TMT:1000.00;K5:TMT:1000.00
V(+224.15)GYC(+57.02)ETLL,32.75,1177.6053,8,1.8,1178.6147,48.21,2.99E+06,3,17731,20200314_Lum1_OBJ0039764_07_NEO223_RAT_500fmol.raw,1,1,NEO_Mrps24,TMT; Carbamidomethylation,V1:TMT:1000.00;C4:Carbamidomethylation:1000.00
EALVNLNK(+224.15)L,32.66,1236.7441,9,1.9,619.3805,43.1,2.31E+05,3,15811,20200314_Lum1_OBJ0039764_07_NEO223_RAT_500fmol.raw,1,1,NEO_Lrrcc1,TMT,K8:TMT:128.65
DAYSHHSGF,32.65,1019.4097,9,0.9,510.7126,18.65,2.59E+06,3,6711,20200314_Lum1_OBJ0039764_07_NEO223_RAT_500fmol.raw,1,1,NEO_Cav2,,
L(+224.15)SASRYALL,32.61,1216.7179,9,0.8,609.3667,42.73,3.49E+07,3,15672,20200314_Lum1_OBJ0039764_07_NEO223_RAT_500fmol.raw,2,2,NEO_Slc12a4,TMT,L1:TMT:1000.00
S(+224.15)SPYSLHYL,32.61,1289.6655,9,1.7,645.8411,39.27,8.17E+06,3,14376,20200314_Lum1_OBJ0039764_07_NEO223_RAT_500fmol.raw,1,1,NEO_Cpne1,TMT,S1:TMT:1000.00
M(+224.15)NIAHLHL,32.56,1171.6536,8,0.9,391.5588,39.03,1.63E+08,3,14283,20200314_Lum1_OBJ0039764_07_NEO223_RAT_500fmol.raw,5,5,NEO_Gpsm1,TMT,M1:TMT:1000.00
A(+224.15)AHRARYFL,32.42,1327.7512,9,2.5,332.9459,25.37,6.05E+05,3,9170,20200314_Lum1_OBJ0039764_07_NEO223_RAT_500fmol.raw,1,1,NEO_Dnmt3a,TMT,A1:TMT:1000.00
M(+15.99)(+224.15)ALSTYYAL,32.4,1271.6472,9,1.8,636.832,48.57,1.50E+07,3,17868,20200314_Lum1_OBJ0039764_07_NEO223_RAT_500fmol.raw,6,6,NEO_Nle1,Oxidation (M); TMT,M1:Oxidation (M):1000.00;M1:TMT:1000.00
T(+224.15)SIMQLYL,32.39,1191.6573,8,1.1,1192.6659,60.84,2.45E+06,3,22443,20200314_Lum1_OBJ0039764_07_NEO223_RAT_500fmol.raw,2,2,NEO_Nipbl,TMT,T1:TMT:1000.00
A(+224.15)SAC(+57.02)NVQHL,32.35,1222.6128,9,2,612.3149,25.88,3.03E+05,3,9362,20200314_Lum1_OBJ0039764_07_NEO223_RAT_500fmol.raw,1,1,NEO_Zhx3,TMT; Carbamidomethylation,A1:TMT:1000.00;C4:Carbamidomethylation:1000.00
STYVIPRL,32.34,947.544,8,1,474.7798,37.36,1.81E+05,3,13664,20200314_Lum1_OBJ0039764_07_NEO223_RAT_500fmol.raw,1,1,NEO_Gtf2i,,
I(+224.15)QIAK(+224.15)EM(+15.99)AL,32.33,1479.8734,9,1.5,494.2992,40.86,4.64E+06,3,14975,20200314_Lum1_OBJ0039764_07_NEO223_RAT_500fmol.raw,2,2,NEO_Kif14,TMT; Oxidation (M),I1:TMT:1000.00;K5:TMT:1000.00;M7:Oxidation (M):1000.00
DLGEEHFK,32.28,973.4504,8,3.5,487.7342,22.05,4.66E+04,3,7938,20200314_Lum1_OBJ0039764_07_NEO223_RAT_500fmol.raw,1,1,,,
V(+224.15)RFSLPSHL,32.26,1278.7449,9,-0.6,427.2553,41.21,1.16E+08,3,15105,20200314_Lum1_OBJ0039764_07_NEO223_RAT_500fmol.raw,5,5,NEO_Pdgfrb,TMT,V1:TMT:1000.00
PSLLNWTRV,32.1,1084.6029,9,1.7,543.3096,44.45,1.83E+05,3,16317,20200314_Lum1_OBJ0039764_07_NEO223_RAT_500fmol.raw,1,1,NEO_Hcfc2,,
FVLESYLNL,32.1,1096.5804,9,2.4,549.2988,61.24,5.71E+04,3,22591,20200314_Lum1_OBJ0039764_07_NEO223_RAT_500fmol.raw,1,1,NEO_Rapsn,,
MAPIDHTTM,32.03,1015.4467,9,2.2,508.7318,26.72,2.35E+05,3,9680,20200314_Lum1_OBJ0039764_07_NEO223_RAT_500fmol.raw,1,1,NEO_Aatf,,
S(+224.15)SFVPVGL,32.02,1028.5906,8,1.9,1029.5999,52.91,1.02E+07,3,19490,20200314_Lum1_OBJ0039764_07_NEO223_RAT_500fmol.raw,1,1,NEO_Tcp1,TMT,S1:TMT:1000.00
V(+224.15)RYVYGGI,31.95,1149.6545,8,1.6,575.8354,37.07,4.45E+06,3,13552,20200314_Lum1_OBJ0039764_07_NEO223_RAT_500fmol.raw,1,1,NEO_Pnpla2,TMT,V1:TMT:1000.00
M(+224.15)APIDHTTM(+15.99),31.93,1255.5941,9,1.7,628.8054,29.74,9.47E+06,3,10815,20200314_Lum1_OBJ0039764_07_NEO223_RAT_500fmol.raw,1,1,NEO_Aatf,TMT; Oxidation (M),M1:TMT:1000.00;M9:Oxidation (M):1000.00
S(+224.15)YSLVAHI,31.85,1112.6229,8,1.5,557.3196,39.42,5.92E+05,3,14433,20200314_Lum1_OBJ0039764_07_NEO223_RAT_500fmol.raw,1,1,NEO_Nfe2l2,TMT,S1:TMT:1000.00
S(+224.15)NLNRNATV,31.75,1211.6622,9,4.2,606.8409,23.69,8.74E+05,3,8548,20200314_Lum1_OBJ0039764_07_NEO223_RAT_500fmol.raw,1,1,NEO_Smad2,TMT,S1:TMT:1000.00
M(+15.99)(+224.15)QQLNPEFV,31.74,1344.6748,9,2.3,673.3462,42.23,9.64E+05,3,15485,20200314_Lum1_OBJ0039764_07_NEO223_RAT_500fmol.raw,1,1,NEO_Sgta,Oxidation (M); TMT,M1:Oxidation (M):1000.00;M1:TMT:1000.00
F(+224.15)VLESYLNL,31.65,1320.7329,9,4.1,661.3765,69.45,9.56E+05,3,25636,20200314_Lum1_OBJ0039764_07_NEO223_RAT_500fmol.raw,1,1,NEO_Rapsn,TMT,F1:TMT:1000.00
LC(+57.02)YVALDFEQEMATAASSSSLEK,31.58,2549.1665,23,2.9,850.7319,57.37,1.41E+04,3,21153,20200314_Lum1_OBJ0039764_07_NEO223_RAT_500fmol.raw,2,2,sp|P63260|ACTG_MOUSE:sp|P60710|ACTB_MOUSE,Carbamidomethylation,C2:Carbamidomethylation:1000.00
FKDLGEEHFK,31.56,1248.6138,10,2.3,417.2128,23.2,1.27E+04,3,8369,20200314_Lum1_OBJ0039764_07_NEO223_RAT_500fmol.raw,1,1,,,
S(+224.15)LLNWTRV,31.43,1211.7026,8,2.1,606.8599,47.83,2.82E+05,3,17590,20200314_Lum1_OBJ0039764_07_NEO223_RAT_500fmol.raw,1,1,NEO_Hcfc2,TMT,S1:TMT:1000.00
I(+224.15)HPVM(+15.99)STL,31.36,1136.6263,8,1.6,569.3214,31.62,5.71E+06,3,11523,20200314_Lum1_OBJ0039764_07_NEO223_RAT_500fmol.raw,5,5,NEO_Stxbp4,TMT; Oxidation (M),I1:TMT:1000.00;M5:Oxidation (M):1000.00
FALMNLK(+224.15)AL,31.35,1243.7362,9,1.9,622.8766,53.85,2.28E+05,3,19841,20200314_Lum1_OBJ0039764_07_NEO223_RAT_500fmol.raw,1,1,NEO_Tmem135,TMT,K7:TMT:111.20
L(+224.15)M(+15.99)LENYNNL,31.34,1362.6853,9,1.7,682.3511,51.22,1.59E+07,3,18855,20200314_Lum1_OBJ0039764_07_NEO223_RAT_500fmol.raw,5,5,NEO_Zfp759,TMT; Oxidation (M),L1:TMT:1000.00;M2:Oxidation (M):1000.00
A(+224.15)SLDHTIRV,31.33,1234.7034,9,1.9,412.5759,30.19,1.90E+04,3,10983,20200314_Lum1_OBJ0039764_07_NEO223_RAT_500fmol.raw,1,1,NEO_Wdr12,TMT,A1:TMT:1000.00
E(+224.15)ALVNLNK(+224.15)L,31.27,1460.8966,9,2.3,731.4573,46.97,3.78E+08,3,17265,20200314_Lum1_OBJ0039764_07_NEO223_RAT_500fmol.raw,2,2,NEO_Lrrcc1,TMT,E1:TMT:1000.00;K8:TMT:1000.00
M(+15.99)(+224.15)NIAHLHL,31.25,1187.6486,8,1.8,396.8908,31.42,1.25E+07,3,11447,20200314_Lum1_OBJ0039764_07_NEO223_RAT_500fmol.raw,8,8,NEO_Gpsm1,Oxidation (M); TMT,M1:Oxidation (M):1000.00;M1:TMT:1000.00
A(+224.15)SM(+15.99)TNMELM,31.21,1266.5658,9,2.4,634.2917,39.63,4.44E+05,3,14511,20200314_Lum1_OBJ0039764_07_NEO223_RAT_500fmol.raw,1,1,NEO_Adpgk,TMT; Oxidation (M),A1:TMT:1000.00;M3:Oxidation (M):19.27
M(+15.99)(+224.15)APIDHTTM(+15.99),31.14,1271.589,9,3.5,636.804,23.65,1.37E+05,3,8534,20200314_Lum1_OBJ0039764_07_NEO223_RAT_500fmol.raw,1,1,NEO_Aatf,Oxidation (M); TMT,M1:Oxidation (M):1000.00;M1:TMT:1000.00;M9:Oxidation (M):1000.00
I(+224.15)MTQHLEPI,31.13,1304.7162,9,2,653.3667,41.73,6.54E+07,3,15295,20200314_Lum1_OBJ0039764_07_NEO223_RAT_500fmol.raw,3,3,NEO_Tmem161a,TMT,I1:TMT:1000.00
M(+15.99)(+224.15)NMGQFLEF,31.11,1355.6254,9,2.4,678.8216,57.73,2.86E+06,3,21287,20200314_Lum1_OBJ0039764_07_NEO223_RAT_500fmol.raw,1,1,NEO_Rwdd2a,Oxidation (M); TMT,M1:Oxidation (M):26.31;M1:TMT:1000.00
M(+224.15)TYLHNLEM(+15.99),31.06,1390.6625,9,1.6,696.3396,37.5,7.17E+04,3,13712,20200314_Lum1_OBJ0039764_07_NEO223_RAT_500fmol.raw,1,1,tr|F8VPX6|F8VPX6_MOUSE,TMT; Oxidation (M),M1:TMT:1000.00;M9:Oxidation (M):1000.00
VMMTSAEAV,31.03,937.4249,9,1.4,469.7204,31.48,1.14E+06,3,11471,20200314_Lum1_OBJ0039764_07_NEO223_RAT_500fmol.raw,1,1,NEO_Slc35e4,,
C(+57.02)(+224.15)TLQFEAAL,31.01,1275.6533,9,2.2,638.8353,51.47,1.69E+06,3,18942,20200314_Lum1_OBJ0039764_07_NEO223_RAT_500fmol.raw,1,1,NEO_Kpna6,Carbamidomethylation; TMT,C1:Carbamidomethylation:1000.00;C1:TMT:1000.00
C(+57.02)VVPFTDLL,30.97,1062.542,9,3.5,532.2802,62.97,4.27E+04,3,23230,20200314_Lum1_OBJ0039764_07_NEO223_RAT_500fmol.raw,1,1,NEO_Ampd2,Carbamidomethylation,C1:Carbamidomethylation:1000.00
LALTDLQYI,30.94,1048.5804,9,2,525.2985,57.36,2.81E+04,3,21150,20200314_Lum1_OBJ0039764_07_NEO223_RAT_500fmol.raw,1,1,NEO_Cnnm4,,
I(+224.15)HPVMSTL,30.94,1120.6315,8,1.4,561.3238,39.24,9.89E+07,3,14363,20200314_Lum1_OBJ0039764_07_NEO223_RAT_500fmol.raw,3,3,NEO_Stxbp4,TMT,I1:TMT:1000.00
S(+224.15)SLK(+224.15)SYVQL,30.91,1471.865,9,2.2,736.9414,43.6,2.14E+07,3,15996,20200314_Lum1_OBJ0039764_07_NEO223_RAT_500fmol.raw,1,1,NEO_Ikbkap,TMT,S1:TMT:1000.00;K4:TMT:1000.00
V(+224.15)M(+15.99)MTSAEAV,30.85,1177.5723,9,1.8,589.7945,37.31,8.55E+05,3,13642,20200314_Lum1_OBJ0039764_07_NEO223_RAT_500fmol.raw,3,3,NEO_Slc35e4,TMT; Oxidation (M),V1:TMT:1000.00;M2:Oxidation (M):11.06
L(+224.15)SLVRTMAV,30.8,1212.7264,9,3.5,607.3726,46.09,6.79E+07,3,16936,20200314_Lum1_OBJ0039764_07_NEO223_RAT_500fmol.raw,1,1,NEO_Aqr,TMT,L1:TMT:1000.00
IIAVLK(+224.15)QRL,30.78,1276.8595,9,1.4,639.4379,35.45,2.31E+05,3,12943,20200314_Lum1_OBJ0039764_07_NEO223_RAT_500fmol.raw,1,1,NEO_Zfp365,TMT,K6:TMT:119.54
IIAVLKQRL,30.75,1052.7069,9,1.4,527.3615,30.86,1.71E+05,3,11236,20200314_Lum1_OBJ0039764_07_NEO223_RAT_500fmol.raw,1,1,NEO_Zfp365,,
L(+224.15)SLVRTM(+15.99)AV,30.63,1228.7213,9,1.1,615.3686,38.08,1.11E+06,3,13929,20200314_Lum1_OBJ0039764_07_NEO223_RAT_500fmol.raw,1,1,NEO_Aqr,TMT; Oxidation (M),L1:TMT:1000.00;M7:Oxidation (M):1000.00
MSTQNLATV,30.61,963.4695,9,1.2,482.7426,31.57,2.78E+06,3,11504,20200314_Lum1_OBJ0039764_07_NEO223_RAT_500fmol.raw,1,1,NEO_Arhgap24,,
IQIAK(+224.15)EMAL,30.59,1239.7261,9,1.6,620.8713,40.95,7.17E+05,3,15010,20200314_Lum1_OBJ0039764_07_NEO223_RAT_500fmol.raw,1,1,NEO_Kif14,TMT,K5:TMT:63.97
I(+224.15)M(+15.99)LQYHAL,30.49,1227.6686,8,1.8,614.8427,41.57,2.73E+06,3,15234,20200314_Lum1_OBJ0039764_07_NEO223_RAT_500fmol.raw,1,1,NEO_Copg2,TMT; Oxidation (M),I1:TMT:1000.00;M2:Oxidation (M):1000.00
F(+224.15)ALMNLK(+224.15)AL,30.43,1467.8887,9,1.9,734.953,59.82,4.91E+05,3,22059,20200314_Lum1_OBJ0039764_07_NEO223_RAT_500fmol.raw,1,1,NEO_Tmem135,TMT,F1:TMT:1000.00;K7:TMT:1000.00
S(+224.15)PGFC(+57.02)NTFL,30.41,1265.6115,9,2.2,633.8144,51.12,4.41E+05,3,18818,20200314_Lum1_OBJ0039764_07_NEO223_RAT_500fmol.raw,1,1,NEO_Phrf1,TMT; Carbamidomethylation,S1:TMT:1000.00;C5:Carbamidomethylation:1000.00
PNAGFMSQL,30.37,963.4484,9,3.1,482.7329,42.41,1.36E+05,3,15553,20200314_Lum1_OBJ0039764_07_NEO223_RAT_500fmol.raw,1,1,NEO_Ssh1,,
A(+224.15)QARNSLEL,30.3,1224.6826,9,1.8,613.3497,29.92,1.64E+07,3,10881,20200314_Lum1_OBJ0039764_07_NEO223_RAT_500fmol.raw,1,1,NEO_Trpc1,TMT,A1:TMT:1000.00
SSVLFEYM,30.3,974.4419,8,1.7,975.4508,53.07,1.23E+05,3,19547,20200314_Lum1_OBJ0039764_07_NEO223_RAT_500fmol.raw,1,1,NEO_Med12,,
HSFVYSVGF,30.23,1041.4919,9,1.4,521.754,40.83,2.46E+07,3,14964,20200314_Lum1_OBJ0039764_07_NEO223_RAT_500fmol.raw,4,4,NEO_Srebf2,,
T(+224.15)AATRNDFTL,30.16,1332.7037,10,1.4,667.3601,33.3,4.76E+05,3,12141,20200314_Lum1_OBJ0039764_07_NEO223_RAT_500fmol.raw,1,1,sp|E9Q1U1|CC171_MOUSE,TMT,T1:TMT:1000.00
A(+224.15)NFQLC(+57.02)PL,30.13,1185.6216,8,1.5,1186.6306,51.36,1.16E+06,3,18910,20200314_Lum1_OBJ0039764_07_NEO223_RAT_500fmol.raw,1,1,NEO_Atg9a,TMT; Carbamidomethylation,A1:TMT:1000.00;C6:Carbamidomethylation:1000.00
SVTVFVNNL,30.12,991.5338,9,1.1,496.7747,46.65,6.58E+04,3,17144,20200314_Lum1_OBJ0039764_07_NEO223_RAT_500fmol.raw,1,1,NEO_Sart3,,
SSISKAML,30.09,835.4473,8,1.5,418.7316,26.34,4.70E+04,3,9535,20200314_Lum1_OBJ0039764_07_NEO223_RAT_500fmol.raw,1,1,NEO_Dtx3l,,
IHPVMSTL,30.06,896.479,8,2.3,449.2478,30.62,8.75E+05,3,11147,20200314_Lum1_OBJ0039764_07_NEO223_RAT_500fmol.raw,1,1,NEO_Stxbp4,,
G(+224.15)IVGHFYGGL,29.99,1242.676,10,1.6,622.3463,44.71,2.33E+05,3,16418,20200314_Lum1_OBJ0039764_07_NEO223_RAT_500fmol.raw,1,1,NEO_Aoc2,TMT,G1:TMT:1000.00
A(+224.15)LSTYYAL,29.93,1124.6117,8,1.8,563.3141,50.07,5.68E+04,3,18428,20200314_Lum1_OBJ0039764_07_NEO223_RAT_500fmol.raw,1,1,NEO_Nle1,TMT,A1:TMT:1000.00
A(+224.15)AQLANDVVL,29.92,1236.7078,10,1.3,619.3619,48.64,0.00E+00,3,17896,20200314_Lum1_OBJ0039764_07_NEO223_RAT_500fmol.raw,1,1,NEO_Reps1,TMT,A1:TMT:1000.00
E(+224.15)KFGQSNDL,29.81,1260.635,9,0.5,631.3251,41.3,0.00E+00,3,15134,20200314_Lum1_OBJ0039764_07_NEO223_RAT_500fmol.raw,2,2,#DECOY#sp|P00184|CP1A1_MOUSE,TMT,E1:TMT:0.00
S(+224.15)NHVLGHL,29.79,1099.6138,8,1.2,367.5457,25.09,1.40E+06,3,9067,20200314_Lum1_OBJ0039764_07_NEO223_RAT_500fmol.raw,2,2,NEO_Zfp644,TMT,S1:TMT:1000.00
T(+224.15)SLEC(+57.02)LSNL,29.78,1259.6432,9,2,630.8301,48.62,5.07E+07,3,17886,20200314_Lum1_OBJ0039764_07_NEO223_RAT_500fmol.raw,1,1,NEO_Flii,TMT; Carbamidomethylation,T1:TMT:1000.00;C5:Carbamidomethylation:1000.00
VMK(+224.15)AHRTSL,29.68,1265.7278,9,1.2,317.4396,19.19,0.00E+00,3,6884,20200314_Lum1_OBJ0039764_07_NEO223_RAT_500fmol.raw,1,1,NEO_Lrrk2,TMT,K3:TMT:26.31
FSALTPDETYVPK,29.66,1466.7292,13,1.6,734.3731,36.62,3.92E+04,3,13385,20200314_Lum1_OBJ0039764_07_NEO223_RAT_500fmol.raw,1,1,,,
LNQLYELAL,29.64,1075.5913,9,1.9,538.804,54.26,1.99E+05,3,19996,20200314_Lum1_OBJ0039764_07_NEO223_RAT_500fmol.raw,1,1,NEO_Xab2,,
IC(+57.02)AVK(+224.15)FLK(+224.15)L,29.61,1538.9622,9,2,513.9957,45.76,1.63E+06,3,16809,20200314_Lum1_OBJ0039764_07_NEO223_RAT_500fmol.raw,1,1,NEO_Paip1,Carbamidomethylation; TMT,C2:Carbamidomethylation:1000.00;K5:TMT:88.98;K8:TMT:170.44
LAPYFISEPL,29.6,1148.6117,10,1.4,575.3139,58.27,8.85E+04,3,21482,20200314_Lum1_OBJ0039764_07_NEO223_RAT_500fmol.raw,1,1,sp|Q32MD9|CDON_MOUSE,,
LAPYFLSEPL,29.6,1148.6117,10,1.4,575.3139,58.27,8.85E+04,3,21482,20200314_Lum1_OBJ0039764_07_NEO223_RAT_500fmol.raw,1,1,,,
A(+224.15)MAMFGYM,29.5,1144.512,8,2.1,573.2645,59.08,2.54E+04,3,21781,20200314_Lum1_OBJ0039764_07_NEO223_RAT_500fmol.raw,1,1,sp|Q505B7|ARCH_MOUSE,TMT,A1:TMT:1000.00
V(+224.15)FDSVQRI,29.43,1186.671,8,3,594.3445,42.03,1.09E+05,3,15409,20200314_Lum1_OBJ0039764_07_NEO223_RAT_500fmol.raw,1,1,NEO_Apeh,TMT,V1:TMT:1000.00
LAQKIHQNLEEM,29.39,1452.7395,12,-6.5,727.3723,41.35,4.36E+04,3,15152,20200314_Lum1_OBJ0039764_07_NEO223_RAT_500fmol.raw,1,1,NEO_Cenpe,,
ATRNDFTL,29.38,936.4665,8,2.3,469.2416,28.44,1.19E+05,3,10324,20200314_Lum1_OBJ0039764_07_NEO223_RAT_500fmol.raw,1,1,NEO_Ccdc171:sp|E9Q1U1|CC171_MOUSE,,
VSPVNDLDV,29.3,956.4814,9,2.3,479.2491,37.88,8.79E+04,3,13857,20200314_Lum1_OBJ0039764_07_NEO223_RAT_500fmol.raw,1,1,NEO_Chmp7,,
S(+224.15)AAERYK(+224.15)WM,29.29,1588.8435,9,1.1,530.6224,32.51,7.24E+05,3,11847,20200314_Lum1_OBJ0039764_07_NEO223_RAT_500fmol.raw,1,1,NEO_Dab2ip,TMT,S1:TMT:1000.00;K7:TMT:1000.00
G(+224.15)KILTFDRL,29.27,1285.7758,9,1.5,643.8961,38.21,2.56E+06,3,13978,20200314_Lum1_OBJ0039764_07_NEO223_RAT_500fmol.raw,1,1,NEO_Rpl18,TMT,G1:TMT:0.00
P(+224.15)NAGFM(+15.99)SQL,29.21,1203.5958,9,1.5,602.8061,38.28,1.90E+06,3,14003,20200314_Lum1_OBJ0039764_07_NEO223_RAT_500fmol.raw,1,1,NEO_Ssh1,TMT; Oxidation (M),P1:TMT:1000.00;M6:Oxidation (M):1000.00
V(+224.15)VPFTDLL,29.12,1126.6638,8,3.9,564.3414,68.41,2.78E+04,3,25246,20200314_Lum1_OBJ0039764_07_NEO223_RAT_500fmol.raw,1,1,NEO_Ampd2,TMT,V1:TMT:1000.00
LNFLHNFITRI,29.1,1386.7772,11,2.3,463.2674,50.95,0.00E+00,3,18756,20200314_Lum1_OBJ0039764_07_NEO223_RAT_500fmol.raw,1,1,NEO_Lrrc49,,
LSFAQRTLYM(+15.99),29.08,1244.6223,10,2.4,623.3199,34.06,2.08E+04,3,12424,20200314_Lum1_OBJ0039764_07_NEO223_RAT_500fmol.raw,1,1,tr|H3BLB0|H3BLB0_MOUSE,Oxidation (M),M10:Oxidation (M):1000.00
I(+224.15)SYLK(+224.15)GNATI,29.05,1526.9072,10,1.7,764.4622,43.5,5.98E+05,3,15959,20200314_Lum1_OBJ0039764_07_NEO223_RAT_500fmol.raw,1,1,NEO_Frmd4a,TMT,I1:TMT:1000.00;K5:TMT:1000.00
S(+224.15)TYVIPRL,29.01,1171.6965,8,1.6,586.8565,41.83,7.33E+07,3,15335,20200314_Lum1_OBJ0039764_07_NEO223_RAT_500fmol.raw,1,1,NEO_Gtf2i,TMT,S1:TMT:1000.00
I(+224.15)HQNLEEM,28.94,1236.6173,8,2.7,619.3176,30.96,3.47E+04,3,11272,20200314_Lum1_OBJ0039764_07_NEO223_RAT_500fmol.raw,1,1,NEO_Cenpe,TMT,I1:TMT:1000.00
S(+224.15)FHAAFL,28.94,1015.5491,7,1.7,508.7827,42.22,9.15E+05,3,15480,20200314_Lum1_OBJ0039764_07_NEO223_RAT_500fmol.raw,2,2,NEO_Ccr10,TMT,S1:TMT:1000.00
I(+224.15)M(+15.99)TQHLEPI,28.9,1320.7112,9,1.8,661.3641,36.34,2.13E+06,3,13279,20200314_Lum1_OBJ0039764_07_NEO223_RAT_500fmol.raw,2,2,NEO_Tmem161a,TMT; Oxidation (M),I1:TMT:1000.00;M2:Oxidation (M):1000.00
I(+224.15)FVRHMV,28.74,1124.6528,7,1.2,375.892,36.09,3.02E+04,3,13183,20200314_Lum1_OBJ0039764_07_NEO223_RAT_500fmol.raw,1,1,NEO_Prep,TMT,I1:TMT:1000.00
TTAREHTAVL,28.67,1097.5829,10,-5.9,549.7955,33.83,3.09E+05,3,12341,20200314_Lum1_OBJ0039764_07_NEO223_RAT_500fmol.raw,1,1,#DECOY#sp|A2ASS6|TITIN_MOUSE,,
M(+15.99)(+224.15)STQNLATV,28.61,1203.6169,9,1.5,602.8167,31.58,3.19E+06,3,11509,20200314_Lum1_OBJ0039764_07_NEO223_RAT_500fmol.raw,2,2,NEO_Arhgap24,Oxidation (M); TMT,M1:Oxidation (M):1000.00;M1:TMT:1000.00
L(+224.15)GVLFSQL,28.61,1099.6641,8,2.5,1100.6741,67.69,1.23E+05,3,24977,20200314_Lum1_OBJ0039764_07_NEO223_RAT_500fmol.raw,1,1,NEO_Slc4a3,TMT,L1:TMT:1000.00
A(+224.15)SMTNM(+15.99)ELM,28.57,1266.5658,9,1.7,634.2913,38.29,9.98E+04,3,14008,20200314_Lum1_OBJ0039764_07_NEO223_RAT_500fmol.raw,1,1,NEO_Adpgk,TMT; Oxidation (M),A1:TMT:1000.00;M6:Oxidation (M):24.24
I(+224.15)C(+57.02)YGSAPL,28.55,1103.5685,8,1.5,1104.5774,43.61,8.28E+05,3,16001,20200314_Lum1_OBJ0039764_07_NEO223_RAT_500fmol.raw,1,1,NEO_Prmt6,TMT; Carbamidomethylation,I1:TMT:1000.00;C2:Carbamidomethylation:1000.00
A(+224.15)SISTATPV,28.52,1069.6019,9,1.9,535.8093,35.11,3.59E+06,3,12817,20200314_Lum1_OBJ0039764_07_NEO223_RAT_500fmol.raw,1,1,NEO_Kirrel,TMT,A1:TMT:1000.00
V(+224.15)FFPRHREL,28.49,1423.8088,9,2.8,356.9605,29.93,5.11E+07,3,10887,20200314_Lum1_OBJ0039764_07_NEO223_RAT_500fmol.raw,2,2,NEO_Frmd8,TMT,V1:TMT:1000.00
VNGLLYVSV,28.48,962.5436,9,0.7,482.2794,50.25,5.32E+04,3,18494,20200314_Lum1_OBJ0039764_07_NEO223_RAT_500fmol.raw,1,1,NEO_Ipp,,
IQIAKEMAL,28.29,1015.5736,9,1.1,508.7946,36.05,3.49E+04,3,13166,20200314_Lum1_OBJ0039764_07_NEO223_RAT_500fmol.raw,1,1,NEO_Kif14,,
Y(+224.15)VSLWPDL,28.25,1215.6539,8,3.3,608.8362,65.61,3.00E+04,3,24219,20200314_Lum1_OBJ0039764_07_NEO223_RAT_500fmol.raw,1,1,NEO_Qrich1,TMT,Y1:TMT:1000.00
FVMDYIPV,28.16,982.4834,8,2.4,983.493,57.03,9.84E+04,3,21026,20200314_Lum1_OBJ0039764_07_NEO223_RAT_500fmol.raw,1,1,NEO_Lats1,,
V(+224.15)SPQHRPV,28.14,1142.656,8,1.8,381.8933,20.52,3.14E+06,3,7371,20200314_Lum1_OBJ0039764_07_NEO223_RAT_500fmol.raw,1,1,NEO_Wdr74,TMT,V1:TMT:1000.00
K(+224.15)ALLNGDGAI,28.11,1194.6971,10,1.6,598.3568,34.56,6.16E+04,3,12612,20200314_Lum1_OBJ0039764_07_NEO223_RAT_500fmol.raw,1,1,NEO_Dlg5,TMT,K1:TMT:1000.00
V(+224.15)IYQLCAF,27.95,1179.6362,8,2.3,590.8267,65.26,2.59E+04,3,24086,20200314_Lum1_OBJ0039764_07_NEO223_RAT_500fmol.raw,1,1,NEO_Nup205,TMT,V1:TMT:1000.00
IHPK(+224.15)AFPL,27.88,1145.696,8,1.2,573.856,32.55,1.72E+05,3,11864,20200314_Lum1_OBJ0039764_07_NEO223_RAT_500fmol.raw,1,1,NEO_Hp1bp3,TMT,K4:TMT:44.44
SSLK(+224.15)SYVQL,27.84,1247.7125,9,2.5,624.8651,39.48,1.56E+05,3,14454,20200314_Lum1_OBJ0039764_07_NEO223_RAT_500fmol.raw,1,1,NEO_Ikbkap,TMT,K4:TMT:12.16
VYFPLV,27.82,736.416,6,4.5,737.4265,83.93,2.62E+03,3,31074,20200314_Lum1_OBJ0039764_07_NEO223_RAT_500fmol.raw,1,1,sp|Q62371|DDR2_MOUSE,,
Q(+224.15)LANDVVL,27.72,1094.6335,8,3.9,548.3262,46.28,0.00E+00,3,17005,20200314_Lum1_OBJ0039764_07_NEO223_RAT_500fmol.raw,1,1,NEO_Reps1,TMT,Q1:TMT:1000.00
SAVDFK(+224.15)LHI,27.53,1252.7179,9,1.4,418.5805,39.44,2.22E+05,3,14441,20200314_Lum1_OBJ0039764_07_NEO223_RAT_500fmol.raw,1,1,NEO_Syde1,TMT,K6:TMT:61.30
SAWEVLIPL,27.49,1026.575,9,2.5,514.296,67.78,2.11E+04,3,25009,20200314_Lum1_OBJ0039764_07_NEO223_RAT_500fmol.raw,1,1,NEO_Rbm17,,
A(+224.15)WLSK(+224.15)VSRL,27.42,1506.9286,9,1.6,754.4728,45.02,2.45E+05,3,16534,20200314_Lum1_OBJ0039764_07_NEO223_RAT_500fmol.raw,1,1,NEO_Idh3a,TMT,A1:TMT:1000.00;K5:TMT:1000.00
QKIHQNLEEM,27.37,1268.6183,10,-6.4,635.3124,34.07,3.44E+04,3,12430,20200314_Lum1_OBJ0039764_07_NEO223_RAT_500fmol.raw,1,1,NEO_Cenpe,,
MGVMNRRPI,27.33,1072.5634,9,3.9,358.5298,23.66,1.11E+05,3,8538,20200314_Lum1_OBJ0039764_07_NEO223_RAT_500fmol.raw,1,1,NEO_Trp53,,
FTPSHPPL,27.32,894.4599,8,1.3,448.2378,28.11,9.97E+04,3,10198,20200314_Lum1_OBJ0039764_07_NEO223_RAT_500fmol.raw,1,1,NEO_Tgfbrap1,,
ASFHAAFL,27.18,862.4337,8,-0.3,432.224,37.23,6.72E+04,3,13612,20200314_Lum1_OBJ0039764_07_NEO223_RAT_500fmol.raw,1,1,NEO_Ccr10,,
AEFVEVTK,27.15,921.4807,8,2.3,461.7487,25.93,1.40E+04,3,9380,20200314_Lum1_OBJ0039764_07_NEO223_RAT_500fmol.raw,1,1,,,
EIGPI,27.14,527.2955,5,1.4,528.3035,54.54,3.13E+05,3,20101,20200314_Lum1_OBJ0039764_07_NEO223_RAT_500fmol.raw,1,1,sp|A2ASS6|TITIN_MOUSE,,
ELGPL,27.14,527.2955,5,1.4,528.3035,54.54,3.13E+05,3,20101,20200314_Lum1_OBJ0039764_07_NEO223_RAT_500fmol.raw,1,1,#DECOY#sp|Q80XP9|WNK3_MOUSE:#DECOY#tr|I7HPW8|I7HPW8_MOUSE:#DECOY#sp|E9PVD3|PCD16_MOUSE:sp|Q80UM7|MOGS_MOUSE:#DECOY#tr|A0A2R8VKG2|A0A2R8VKG2_MOUSE,,
ELGPI,27.14,527.2955,5,1.4,528.3035,54.54,3.13E+05,3,20101,20200314_Lum1_OBJ0039764_07_NEO223_RAT_500fmol.raw,1,1,#DECOY#sp|Q91ZU6|DYST_MOUSE:#DECOY#tr|F8VPT3|F8VPT3_MOUSE,,
EIGPL,27.14,527.2955,5,1.4,528.3035,54.54,3.13E+05,3,20101,20200314_Lum1_OBJ0039764_07_NEO223_RAT_500fmol.raw,1,1,#DECOY#sp|P59997|KDM2A_MOUSE,,
VVVPP,27.1,509.3213,5,1.5,510.3293,26.55,3.05E+04,3,9615,20200314_Lum1_OBJ0039764_07_NEO223_RAT_500fmol.raw,1,1,#DECOY#tr|E9Q616|E9Q616_MOUSE:tr|Q8VGW5|Q8VGW5_MOUSE:#DECOY#sp|Q8BZH4|POGZ_MOUSE,,
R(+224.15)ALSGLEPF,27.08,1212.6866,9,1.8,607.3517,42.67,1.30E+08,3,15649,20200314_Lum1_OBJ0039764_07_NEO223_RAT_500fmol.raw,1,1,NEO_Vps13d,TMT,R1:TMT:1000.00
V(+224.15)LYLLDTSL,27.04,1259.7377,9,2,630.8774,51.93,7.27E+05,3,19117,20200314_Lum1_OBJ0039764_07_NEO223_RAT_500fmol.raw,1,1,NEO_Tdrd7,TMT,V1:TMT:1000.00
Q(+224.15)SYVPAPL,26.94,1097.6121,8,2.2,549.8145,44.16,6.69E+06,3,16209,20200314_Lum1_OBJ0039764_07_NEO223_RAT_500fmol.raw,1,1,NEO_Lmo7,TMT,Q1:TMT:1000.00
S(+224.15)SVLFEYM(+15.99),26.93,1214.5894,8,2.7,608.3036,47.25,1.23E+07,3,17368,20200314_Lum1_OBJ0039764_07_NEO223_RAT_500fmol.raw,1,1,NEO_Med12,TMT; Oxidation (M),S1:TMT:1000.00;M8:Oxidation (M):1000.00
I(+224.15)GAGFFSD,26.9,1036.5229,8,1.7,519.2697,51.98,4.71E+05,3,19137,20200314_Lum1_OBJ0039764_07_NEO223_RAT_500fmol.raw,1,1,NEO_Tesk1,TMT,I1:TMT:1000.00
IM(+15.99)TQHLEPI,26.78,1096.5587,9,1.6,549.2875,29.12,2.84E+04,3,10579,20200314_Lum1_OBJ0039764_07_NEO223_RAT_500fmol.raw,1,1,NEO_Tmem161a,Oxidation (M),M2:Oxidation (M):1000.00
L(+224.15)GSLFSTL,26.78,1060.6168,8,2,1061.6262,64.57,8.21E+06,3,23829,20200314_Lum1_OBJ0039764_07_NEO223_RAT_500fmol.raw,1,1,sp|P97717|ADA1B_MOUSE,TMT,L1:TMT:1000.00
L(+224.15)GSIFSTL,26.78,1060.6168,8,2,1061.6262,64.57,8.21E+06,3,23829,20200314_Lum1_OBJ0039764_07_NEO223_RAT_500fmol.raw,1,1,,TMT,L1:TMT:1000.00
SLRSFQAL,26.73,920.5079,8,1.5,461.2619,31.45,5.81E+05,3,11459,20200314_Lum1_OBJ0039764_07_NEO223_RAT_500fmol.raw,1,1,NEO_Man2c1,,
W(+224.15)VPFGGL,26.73,998.5589,7,4,500.2887,63.94,9.54E+04,3,23594,20200314_Lum1_OBJ0039764_07_NEO223_RAT_500fmol.raw,1,1,NEO_Tmem198b,TMT,W1:TMT:1000.00
N(+224.15)AGFMSQL,26.66,1090.5481,8,1.2,546.282,46.01,4.38E+04,3,16905,20200314_Lum1_OBJ0039764_07_NEO223_RAT_500fmol.raw,1,1,NEO_Ssh1,TMT,N1:TMT:1000.00
PFGGL,26.62,489.2587,5,1.4,490.2667,62.41,3.07E+06,3,23026,20200314_Lum1_OBJ0039764_07_NEO223_RAT_500fmol.raw,1,1,NEO_Tmem198b:#DECOY#sp|Q9QY40|PLXB3_MOUSE:#DECOY#sp|Q01149|CO1A2_MOUSE:#DECOY#sp|P53986|MOT1_MOUSE:sp|P13808|B3A2_MOUSE:#DECOY#sp|Q8C8V1|ZXDC_MOUSE,,
PFGGI,26.62,489.2587,5,1.4,490.2667,62.41,3.07E+06,3,23026,20200314_Lum1_OBJ0039764_07_NEO223_RAT_500fmol.raw,1,1,sp|O35304|VACHT_MOUSE:sp|Q80SX8|PIF1_MOUSE,,
VSPQHRPV,26.58,918.5035,8,2.4,307.1758,14.13,4.96E+05,3,5173,20200314_Lum1_OBJ0039764_07_NEO223_RAT_500fmol.raw,1,1,NEO_Wdr74,,
IMLQYHAL,26.53,987.5212,8,1.1,494.7684,36.33,1.08E+05,3,13275,20200314_Lum1_OBJ0039764_07_NEO223_RAT_500fmol.raw,1,1,NEO_Copg2,,
VIYQLC(+57.02)AF,26.38,1012.5052,8,1.2,507.2605,49.04,1.01E+05,3,18040,20200314_Lum1_OBJ0039764_07_NEO223_RAT_500fmol.raw,1,1,NEO_Nup205,Carbamidomethylation,C6:Carbamidomethylation:1000.00
ASISTATPV,26.33,845.4495,9,1.6,846.4581,28.91,1.30E+06,3,10502,20200314_Lum1_OBJ0039764_07_NEO223_RAT_500fmol.raw,1,1,NEO_Kirrel,,
IHQNLEEM,26.33,1012.4648,8,1.2,507.2403,24.38,1.04E+05,3,8805,20200314_Lum1_OBJ0039764_07_NEO223_RAT_500fmol.raw,1,1,NEO_Cenpe,,
I(+224.15)HPK(+224.15)AFPL,26.08,1369.8485,8,1.9,685.9328,38.22,7.71E+05,3,13982,20200314_Lum1_OBJ0039764_07_NEO223_RAT_500fmol.raw,1,1,NEO_Hp1bp3,TMT,I1:TMT:1000.00;K4:TMT:1000.00
AQLANDVVL,26.05,941.5182,9,2.2,471.7674,40.14,2.43E+06,3,14703,20200314_Lum1_OBJ0039764_07_NEO223_RAT_500fmol.raw,1,1,NEO_Reps1,,
S(+224.15)SFVPVI,26.04,971.5692,7,1.6,972.5779,54.82,3.36E+04,3,20195,20200314_Lum1_OBJ0039764_07_NEO223_RAT_500fmol.raw,1,1,#DECOY#sp|Q9D5V5|CUL5_MOUSE,TMT,S1:TMT:1000.00
K(+224.15)IHQNLEEM(+15.99),25.94,1380.7072,9,1.9,461.2439,20.38,7.96E+04,3,7327,20200314_Lum1_OBJ0039764_07_NEO223_RAT_500fmol.raw,1,1,NEO_Cenpe,TMT; Oxidation (M),K1:TMT:1000.00;M9:Oxidation (M):1000.00
V(+224.15)QFM(+15.99)SC(+57.02)NL,25.92,1237.5835,8,1.1,619.7997,40.73,1.84E+06,3,14924,20200314_Lum1_OBJ0039764_07_NEO223_RAT_500fmol.raw,1,1,NEO_Taf5l,TMT; Oxidation (M); Carbamidomethylation,V1:TMT:1000.00;M4:Oxidation (M):1000.00;C6:Carbamidomethylation:1000.00
KVPQVSTPTLVEVSR,25.89,1638.9304,15,0.8,547.3179,32.35,1.69E+04,3,11789,20200314_Lum1_OBJ0039764_07_NEO223_RAT_500fmol.raw,1,1,,,
SSLPL,25.84,515.2955,5,-11.4,516.2969,62.62,6.63E+04,3,23101,20200314_Lum1_OBJ0039764_07_NEO223_RAT_500fmol.raw,1,1,tr|A0A1W2P6U8|A0A1W2P6U8_MOUSE:#DECOY#sp|Q3TY92|MBD6_MOUSE:sp|O70167|P3C2G_MOUSE:#DECOY#tr|E9PZ36|E9PZ36_MOUSE:sp|O35453|HEPS_MOUSE:sp|O54714|PIAS3_MOUSE:#DECOY#sp|A2A9C3|SZT2_MOUSE:#DECOY#tr|F7C950|F7C950_MOUSE:tr|E9Q5I3|E9Q5I3_MOUSE,,
SSLPI,25.84,515.2955,5,-11.4,516.2969,62.62,6.63E+04,3,23101,20200314_Lum1_OBJ0039764_07_NEO223_RAT_500fmol.raw,1,1,tr|A0A087WQ44|A0A087WQ44_MOUSE:#DECOY#tr|E9Q848|E9Q848_MOUSE:#DECOY#sp|Q2EG98|PK1L3_MOUSE:#DECOY#tr|J3QNF7|J3QNF7_MOUSE:sp|Q3UY96|CFA74_MOUSE,,
SSIPL,25.84,515.2955,5,-11.4,516.2969,62.62,6.63E+04,3,23101,20200314_Lum1_OBJ0039764_07_NEO223_RAT_500fmol.raw,1,1,#DECOY#sp|Q4VA61|DSCL1_MOUSE,,
SSIPI,25.84,515.2955,5,-11.4,516.2969,62.62,6.63E+04,3,23101,20200314_Lum1_OBJ0039764_07_NEO223_RAT_500fmol.raw,1,1,#DECOY#sp|Q61089|FZD6_MOUSE,,
I(+224.15)FVRHM(+15.99)VGV,25.83,1296.7377,9,1.2,433.2537,33.06,1.27E+06,3,12052,20200314_Lum1_OBJ0039764_07_NEO223_RAT_500fmol.raw,1,1,NEO_Prep,TMT; Oxidation (M),I1:TMT:1000.00;M6:Oxidation (M):1000.00
SWGGLC(+57.02)SNL,25.76,992.4385,9,-0.1,993.4457,42.07,0.00E+00,3,15424,20200314_Lum1_OBJ0039764_07_NEO223_RAT_500fmol.raw,1,1,NEO_Stc2,Carbamidomethylation,C6:Carbamidomethylation:1000.00
S(+224.15)HYRAYHR,25.58,1312.6788,8,-51033.5,416.2367,29.99,1.44E+06,3,10911,20200314_Lum1_OBJ0039764_07_NEO223_RAT_500fmol.raw,1,1,NEO_Frmd8,TMT,S1:TMT:1000.00
S(+224.15)SM(+15.99)VPSAL,25.55,1030.5369,8,1,516.2762,34.46,1.04E+06,3,12577,20200314_Lum1_OBJ0039764_07_NEO223_RAT_500fmol.raw,1,1,NEO_Pitx2,TMT; Oxidation (M),S1:TMT:1000.00;M3:Oxidation (M):1000.00
C(+57.02)(+224.15)AM(+15.99)GFFLQI,25.54,1325.6512,9,1.2,663.8337,60.91,2.88E+05,3,22468,20200314_Lum1_OBJ0039764_07_NEO223_RAT_500fmol.raw,2,2,NEO_Mfsd2a,Carbamidomethylation; TMT; Oxidation (M),C1:Carbamidomethylation:1000.00;C1:TMT:1000.00;M3:Oxidation (M):1000.00
KPKIDAM,25.53,801.4418,7,-12.4,401.7232,24.57,0.00E+00,3,8877,20200314_Lum1_OBJ0039764_07_NEO223_RAT_500fmol.raw,1,1,#DECOY#sp|P55200|KMT2A_MOUSE,,
F(+224.15)TPSHPPL,25.53,1118.6124,8,2.3,560.3148,35.67,1.38E+08,3,13027,20200314_Lum1_OBJ0039764_07_NEO223_RAT_500fmol.raw,1,1,NEO_Tgfbrap1,TMT,F1:TMT:1000.00
SLLAWRAL,25.53,928.5494,8,1.6,465.2827,45.18,1.51E+05,3,16590,20200314_Lum1_OBJ0039764_07_NEO223_RAT_500fmol.raw,1,1,NEO_Htra2,,
TPSSLHALL,25.51,937.5233,9,2.8,469.7702,59.41,4.67E+05,3,21906,20200314_Lum1_OBJ0039764_07_NEO223_RAT_500fmol.raw,1,1,#DECOY#sp|Q8CGF6|WDR47_MOUSE,,