Peptide,-10lgP,Mass,Length,ppm,m/z,RT,Area TMT,Fraction,Scan,Source File,#Spec,#Spec TMT,Accession,PTM,AScore
TTAREHTAVL,28.5,1097.5829,10,-5.1,549.7959,33.86,8.48E+05,2,12337,20200314_Lum1_OBJ0039764_05_NEO223_TMT_500fmol.raw,1,1,#DECOY#sp|A2ASS6|TITIN_MOUSE,,
G(+224.15)LVGGFHFYNI,26.69,1446.766,11,1.8,724.3915,48.98,1.32E+04,2,17975,20200314_Lum1_OBJ0039764_05_NEO223_TMT_500fmol.raw,1,1,#DECOY#sp|O88569|ROA2_MOUSE,TMT,G1:TMT:1000.00
LAQSSSLSSGL,30.86,1048.54,11,5.4,1049.553,42.91,4.73E+04,2,15706,20200314_Lum1_OBJ0039764_05_NEO223_TMT_500fmol.raw,1,1,#DECOY#sp|Q0VBL6|HIF3A_MOUSE,,
AGTSILHNIEM,26.68,1184.5859,11,4.5,593.3029,42.49,5.14E+04,2,15553,20200314_Lum1_OBJ0039764_05_NEO223_TMT_500fmol.raw,1,1,#DECOY#tr|A0A0A6YW14|A0A0A6YW14_MOUSE,,
M(+224.15)APIDHTTM,34.55,1239.5991,9,1.3,414.2075,26.09,4.18E+06,2,9434,20200314_Lum1_OBJ0039764_05_NEO223_TMT_500fmol.raw,3,3,NEO_Aatf,TMT,M1:TMT:1000.00
M(+224.15)APIDHTTM(+15.99),29.23,1255.5941,9,1.6,628.8054,29.53,1.86E+07,2,10727,20200314_Lum1_OBJ0039764_05_NEO223_TMT_500fmol.raw,2,2,NEO_Aatf,TMT; Oxidation (M),M1:TMT:1000.00;M9:Oxidation (M):1000.00
M(+15.99)(+224.15)APIDHTTM,27.45,1255.5941,9,1.4,628.8052,28.48,1.86E+07,2,10335,20200314_Lum1_OBJ0039764_05_NEO223_TMT_500fmol.raw,1,1,NEO_Aatf,Oxidation (M); TMT,M1:Oxidation (M):59.25;M1:TMT:1000.00
E(+224.15)VLAFAIL,31.58,1098.6688,8,2.7,1099.6791,70.44,5.52E+04,2,25977,20200314_Lum1_OBJ0039764_05_NEO223_TMT_500fmol.raw,1,1,NEO_Actr1b,TMT,E1:TMT:1000.00
A(+224.15)SMTNMELM,32.29,1250.5709,9,2.7,626.2944,47.45,2.02E+07,2,17402,20200314_Lum1_OBJ0039764_05_NEO223_TMT_500fmol.raw,3,3,NEO_Adpgk,TMT,A1:TMT:1000.00
A(+224.15)SMTNM(+15.99)ELM,28.9,1266.5658,9,2.8,634.2919,38.35,3.88E+05,2,14009,20200314_Lum1_OBJ0039764_05_NEO223_TMT_500fmol.raw,2,2,NEO_Adpgk,TMT; Oxidation (M),A1:TMT:1000.00;M6:Oxidation (M):18.00
IVGHFYGGL,39.56,961.5021,9,1.2,481.7589,34.98,3.68E+05,2,12755,20200314_Lum1_OBJ0039764_05_NEO223_TMT_500fmol.raw,1,1,NEO_Aoc2,,
I(+224.15)VGHFYGGL,38.54,1185.6545,9,1.8,593.8356,44.99,9.10E+07,2,16486,20200314_Lum1_OBJ0039764_05_NEO223_TMT_500fmol.raw,4,4,NEO_Aoc2,TMT,I1:TMT:1000.00
V(+224.15)VFDSVQRI,34.98,1285.7394,9,1.9,643.8782,43.47,1.22E+08,2,15919,20200314_Lum1_OBJ0039764_05_NEO223_TMT_500fmol.raw,3,3,NEO_Apeh,TMT,V1:TMT:1000.00
VVFDSVQRI,32.03,1061.5869,9,1.2,531.8014,34.54,1.25E+05,2,12593,20200314_Lum1_OBJ0039764_05_NEO223_TMT_500fmol.raw,1,1,NEO_Apeh,,
LSLVRTMAV,37.75,988.5739,9,-0.1,495.2942,36.9,4.06E+05,2,13476,20200314_Lum1_OBJ0039764_05_NEO223_TMT_500fmol.raw,1,1,NEO_Aqr,,
L(+224.15)SLVRTMAV,29.34,1212.7264,9,5.2,607.3737,46.13,6.14E+07,2,16912,20200314_Lum1_OBJ0039764_05_NEO223_TMT_500fmol.raw,1,1,NEO_Aqr,TMT,L1:TMT:1000.00
L(+224.15)SLVRTM(+15.99)AV,28.57,1228.7213,9,1.2,615.3687,38.09,2.07E+06,2,13919,20200314_Lum1_OBJ0039764_05_NEO223_TMT_500fmol.raw,1,1,NEO_Aqr,TMT; Oxidation (M),L1:TMT:1000.00;M7:Oxidation (M):1000.00
LVRTMAV,27.11,788.4578,7,1.4,395.2368,43.52,1.32E+04,2,15935,20200314_Lum1_OBJ0039764_05_NEO223_TMT_500fmol.raw,1,1,NEO_Aqr,,
M(+224.15)STQNLATV,32.55,1187.6221,9,2.2,594.8196,39.04,1.64E+08,2,14262,20200314_Lum1_OBJ0039764_05_NEO223_TMT_500fmol.raw,2,2,NEO_Arhgap24,TMT,M1:TMT:1000.00
M(+15.99)(+224.15)STQNLATV,29.86,1203.6169,9,2.3,602.8171,34.74,1.12E+07,2,12665,20200314_Lum1_OBJ0039764_05_NEO223_TMT_500fmol.raw,5,5,NEO_Arhgap24,Oxidation (M); TMT,M1:Oxidation (M):1000.00;M1:TMT:1000.00
MSTQNLATV,28.5,963.4695,9,1,482.7425,31.63,1.76E+05,2,11523,20200314_Lum1_OBJ0039764_05_NEO223_TMT_500fmol.raw,1,1,NEO_Arhgap24,,
DAYSHHSGF,38.18,1019.4097,9,0.8,510.7125,18.75,7.84E+05,2,6740,20200314_Lum1_OBJ0039764_05_NEO223_TMT_500fmol.raw,1,1,NEO_Cav2,,
D(+224.15)AYSHHSGF,37.19,1243.5621,9,2.5,415.529,23.54,4.38E+05,2,8490,20200314_Lum1_OBJ0039764_05_NEO223_TMT_500fmol.raw,3,3,NEO_Cav2,TMT,D1:TMT:1000.00
L(+224.15)APYFLSEPL,35.54,1372.7642,10,2.5,1373.7749,66.21,0.00E+00,2,24392,20200314_Lum1_OBJ0039764_05_NEO223_TMT_500fmol.raw,2,2,NEO_Cdon,TMT,L1:TMT:1000.00
QK(+224.15)IHQNLEEM,37.8,1492.7708,10,-5.9,747.3882,39.02,2.79E+05,2,14253,20200314_Lum1_OBJ0039764_05_NEO223_TMT_500fmol.raw,1,1,NEO_Cenpe,TMT,K2:TMT:0.00
LAQKIHQNLEEM,35.13,1452.7395,12,-6,727.3727,41.42,6.07E+04,2,15149,20200314_Lum1_OBJ0039764_05_NEO223_TMT_500fmol.raw,1,1,NEO_Cenpe,,
K(+224.15)IHQNLEEM,33.21,1364.7122,9,2.6,683.3651,24.68,4.01E+06,2,8915,20200314_Lum1_OBJ0039764_05_NEO223_TMT_500fmol.raw,2,2,NEO_Cenpe,TMT,K1:TMT:1000.00
QKIHQNLEEM,31.94,1268.6183,10,-6.2,635.3125,34.09,3.59E+04,2,12424,20200314_Lum1_OBJ0039764_05_NEO223_TMT_500fmol.raw,1,1,NEO_Cenpe,,
I(+224.15)HQNLEEM,29.66,1236.6173,8,2.8,619.3177,30.97,8.46E+04,2,11272,20200314_Lum1_OBJ0039764_05_NEO223_TMT_500fmol.raw,1,1,NEO_Cenpe,TMT,I1:TMT:1000.00
IHQNLEEM,29,1012.4648,8,1.3,507.2403,24.45,7.25E+04,2,8831,20200314_Lum1_OBJ0039764_05_NEO223_TMT_500fmol.raw,1,1,NEO_Cenpe,,
V(+224.15)SPVNDLDV,37.41,1180.6339,9,1.8,1181.6433,45.31,4.45E+07,2,16608,20200314_Lum1_OBJ0039764_05_NEO223_TMT_500fmol.raw,3,3,NEO_Chmp7,TMT,V1:TMT:1000.00
VSPVNDLDV,34.92,956.4814,9,1.9,957.4905,37.86,9.32E+06,2,13831,20200314_Lum1_OBJ0039764_05_NEO223_TMT_500fmol.raw,2,2,NEO_Chmp7,,
PMTK(+224.15)NTQYI,34.59,1318.6956,9,2.5,660.3567,29.4,7.53E+04,2,10679,20200314_Lum1_OBJ0039764_05_NEO223_TMT_500fmol.raw,1,1,NEO_Ckap2l,TMT,K4:TMT:68.47
P(+224.15)MTK(+224.15)NTQYI,30.73,1542.848,9,0.9,772.4319,35.2,8.24E+07,2,12836,20200314_Lum1_OBJ0039764_05_NEO223_TMT_500fmol.raw,2,2,NEO_Ckap2l,TMT,P1:TMT:1000.00;K4:TMT:1000.00
L(+224.15)ALTDLQYI,34.16,1272.7329,9,3,1273.744,64.42,1.36E+05,2,23732,20200314_Lum1_OBJ0039764_05_NEO223_TMT_500fmol.raw,4,4,NEO_Cnnm4,TMT,L1:TMT:1000.00
LALTDLQYI,29.85,1048.5804,9,3.2,525.2992,57.39,3.51E+04,2,21119,20200314_Lum1_OBJ0039764_05_NEO223_TMT_500fmol.raw,1,1,NEO_Cnnm4,,
M(+224.15)SYFLQGTL,38.86,1282.6631,9,1.6,1283.6724,60.34,8.56E+07,2,22217,20200314_Lum1_OBJ0039764_05_NEO223_TMT_500fmol.raw,6,6,NEO_Copb2,TMT,M1:TMT:1000.00
MSYFLQGTL,36.94,1058.5106,9,1.6,530.2634,52.32,2.29E+05,2,19223,20200314_Lum1_OBJ0039764_05_NEO223_TMT_500fmol.raw,1,1,NEO_Copb2,,
M(+15.99)(+224.15)SYFLQGTL,36.15,1298.6581,9,2.6,650.338,51.62,1.76E+07,2,18957,20200314_Lum1_OBJ0039764_05_NEO223_TMT_500fmol.raw,5,5,NEO_Copb2,Oxidation (M); TMT,M1:Oxidation (M):1000.00;M1:TMT:1000.00
M(+15.99)SYFLQGTL,32.28,1074.5056,9,2.1,538.2612,48.06,2.76E+04,2,17632,20200314_Lum1_OBJ0039764_05_NEO223_TMT_500fmol.raw,1,1,NEO_Copb2,Oxidation (M),M1:Oxidation (M):1000.00
I(+224.15)M(+15.99)LQYHAL,29.72,1227.6686,8,1.5,614.8425,41.61,3.72E+06,2,15218,20200314_Lum1_OBJ0039764_05_NEO223_TMT_500fmol.raw,1,1,NEO_Copg2,TMT; Oxidation (M),I1:TMT:1000.00;M2:Oxidation (M):1000.00
I(+224.15)MLQYHAL,28.43,1211.6736,8,-3,606.8422,47.75,3.65E+07,2,17513,20200314_Lum1_OBJ0039764_05_NEO223_TMT_500fmol.raw,3,3,NEO_Copg2,TMT,I1:TMT:1000.00
IMLQYHAL,27.96,987.5212,8,1.6,494.7686,36.38,6.17E+04,2,13277,20200314_Lum1_OBJ0039764_05_NEO223_TMT_500fmol.raw,1,1,NEO_Copg2,,
N(+224.15)NEDYYSLL,37.42,1353.6453,9,3.1,1354.6567,49.87,6.51E+07,2,18308,20200314_Lum1_OBJ0039764_05_NEO223_TMT_500fmol.raw,2,2,NEO_Dnajc11,TMT,N1:TMT:1000.00
L(+224.15)QPLFYAL,32.57,1187.6954,8,1.5,1188.7045,67.69,4.01E+07,2,24944,20200314_Lum1_OBJ0039764_05_NEO223_TMT_500fmol.raw,4,4,NEO_Exoc3l,TMT,L1:TMT:1000.00
I(+224.15)SYLK(+224.15)GNATI,28.49,1526.9072,10,1.7,764.4622,43.54,5.24E+05,2,15942,20200314_Lum1_OBJ0039764_05_NEO223_TMT_500fmol.raw,1,1,NEO_Frmd4a,TMT,I1:TMT:1000.00;K5:TMT:1000.00
MNIAHLHL,37.93,947.5011,8,0.9,474.7583,32.55,6.25E+04,2,11861,20200314_Lum1_OBJ0039764_05_NEO223_TMT_500fmol.raw,1,1,NEO_Gpsm1,,
M(+224.15)NIAHLHL,31.3,1171.6536,8,1,391.5589,38.63,1.19E+08,2,14108,20200314_Lum1_OBJ0039764_05_NEO223_TMT_500fmol.raw,4,4,NEO_Gpsm1,TMT,M1:TMT:1000.00
M(+15.99)(+224.15)NIAHLHL,30.76,1187.6486,8,1.4,396.8907,33.55,1.31E+07,2,12223,20200314_Lum1_OBJ0039764_05_NEO223_TMT_500fmol.raw,8,8,NEO_Gpsm1,Oxidation (M); TMT,M1:Oxidation (M):1000.00;M1:TMT:1000.00
DVYPFHMIL,36.43,1133.558,9,1.3,567.787,57.02,1.41E+05,2,20981,20200314_Lum1_OBJ0039764_05_NEO223_TMT_500fmol.raw,2,2,NEO_Gtf3c1,,
D(+224.15)VYPFHMIL,34.29,1357.7104,9,1.9,679.8638,56.94,8.14E+07,2,20953,20200314_Lum1_OBJ0039764_05_NEO223_TMT_500fmol.raw,3,3,NEO_Gtf3c1,TMT,D1:TMT:1000.00
D(+224.15)VYPFHM(+15.99)IL,33.81,1373.7053,9,1.4,687.8609,49.26,1.37E+07,2,18077,20200314_Lum1_OBJ0039764_05_NEO223_TMT_500fmol.raw,5,5,NEO_Gtf3c1,TMT; Oxidation (M),D1:TMT:1000.00;M7:Oxidation (M):1000.00
QIYAFLQGF,32.4,1085.5546,9,3.5,543.7864,60.2,7.16E+04,2,22166,20200314_Lum1_OBJ0039764_05_NEO223_TMT_500fmol.raw,1,1,NEO_Hace1,,
Q(+224.15)IYAFLQGF,31.27,1309.707,9,1.3,1310.7161,67.17,2.84E+06,2,24750,20200314_Lum1_OBJ0039764_05_NEO223_TMT_500fmol.raw,4,4,NEO_Hace1,TMT,Q1:TMT:1000.00
PSLLNWTRV,32.33,1084.6029,9,0.9,543.3092,44.51,8.22E+04,2,16308,20200314_Lum1_OBJ0039764_05_NEO223_TMT_500fmol.raw,1,1,NEO_Hcfc2,,
P(+224.15)SLLNWTRV,31.91,1308.7554,9,2.6,655.3867,50.51,5.74E+07,2,18549,20200314_Lum1_OBJ0039764_05_NEO223_TMT_500fmol.raw,1,1,NEO_Hcfc2,TMT,P1:TMT:1000.00
A(+224.15)SYNGFLPV,36.38,1190.6335,9,1.4,1191.6425,53.33,2.24E+07,2,19600,20200314_Lum1_OBJ0039764_05_NEO223_TMT_500fmol.raw,2,2,NEO_Huwe1,TMT,A1:TMT:1000.00
S(+224.15)SLK(+224.15)SYVQL,28.74,1471.865,9,1.7,736.941,43.63,1.45E+07,2,15978,20200314_Lum1_OBJ0039764_05_NEO223_TMT_500fmol.raw,1,1,NEO_Ikbkap,TMT,S1:TMT:1000.00;K4:TMT:1000.00
V(+224.15)NGLLYVSV,34.96,1186.6962,9,1.8,1187.7056,57.59,3.17E+07,2,21194,20200314_Lum1_OBJ0039764_05_NEO223_TMT_500fmol.raw,2,2,NEO_Ipp,TMT,V1:TMT:1000.00
VNGLLYVSV,28.68,962.5436,9,2.3,482.2802,50.27,8.94E+04,2,18459,20200314_Lum1_OBJ0039764_05_NEO223_TMT_500fmol.raw,1,1,NEO_Ipp,,
A(+224.15)ALLNSAVL,38.45,1094.6699,9,1.2,1095.6785,52.99,4.20E+06,2,19473,20200314_Lum1_OBJ0039764_05_NEO223_TMT_500fmol.raw,5,5,NEO_Irgq,TMT,A1:TMT:1000.00
V(+224.15)QINNPVTFL,41.55,1367.7812,10,2.2,1368.7915,59.7,2.02E+08,2,21977,20200314_Lum1_OBJ0039764_05_NEO223_TMT_500fmol.raw,4,4,NEO_Itgb2,TMT,V1:TMT:1000.00
VQINNPVTFL,29.45,1143.6288,10,1.8,572.8227,54.11,4.55E+04,2,19890,20200314_Lum1_OBJ0039764_05_NEO223_TMT_500fmol.raw,1,1,NEO_Itgb2,,
A(+224.15)FFEAASI,34.23,1078.5698,8,1.2,1079.5784,54.48,1.41E+08,2,20033,20200314_Lum1_OBJ0039764_05_NEO223_TMT_500fmol.raw,2,2,NEO_Jak1,TMT,A1:TMT:1000.00
I(+224.15)QIAKEMAL,34.81,1239.7261,9,1.9,620.8715,45.07,5.29E+05,2,16516,20200314_Lum1_OBJ0039764_05_NEO223_TMT_500fmol.raw,1,1,NEO_Kif14,TMT,I1:TMT:88.83
IQIAK(+224.15)EMAL,32.21,1239.7261,9,1.6,620.8713,41,4.47E+05,2,14996,20200314_Lum1_OBJ0039764_05_NEO223_TMT_500fmol.raw,1,1,NEO_Kif14,TMT,K5:TMT:76.73
I(+224.15)QIAK(+224.15)EMAL,31.97,1463.8785,9,1.3,488.9674,49.19,2.59E+07,2,18054,20200314_Lum1_OBJ0039764_05_NEO223_TMT_500fmol.raw,3,3,NEO_Kif14,TMT,I1:TMT:1000.00;K5:TMT:1000.00
I(+224.15)QIAK(+224.15)EM(+15.99)AL,30.73,1479.8734,9,2.1,494.2994,40.9,2.63E+06,2,14959,20200314_Lum1_OBJ0039764_05_NEO223_TMT_500fmol.raw,1,1,NEO_Kif14,TMT; Oxidation (M),I1:TMT:1000.00;K5:TMT:1000.00;M7:Oxidation (M):1000.00
F(+224.15)VMDYIPV,32.68,1206.6359,8,1,1207.6443,65.98,2.58E+06,2,24314,20200314_Lum1_OBJ0039764_05_NEO223_TMT_500fmol.raw,1,1,NEO_Lats1,TMT,F1:TMT:1000.00
E(+224.15)ALVNLNK(+224.15)L,30.15,1460.8966,9,1.2,731.4564,46.99,3.68E+08,2,17234,20200314_Lum1_OBJ0039764_05_NEO223_TMT_500fmol.raw,2,2,NEO_Lrrcc1,TMT,E1:TMT:1000.00;K8:TMT:1000.00
SVFGQSNDS,35.66,939.3934,9,27733.6,966.4534,35.29,7.92E+05,2,12871,20200314_Lum1_OBJ0039764_05_NEO223_TMT_500fmol.raw,2,2,NEO_Lrrk2,,
V(+224.15)MK(+224.15)AHRTSL,35.46,1489.8802,9,1.7,373.478,24.41,6.51E+06,2,8814,20200314_Lum1_OBJ0039764_05_NEO223_TMT_500fmol.raw,1,1,NEO_Lrrk2,TMT,V1:TMT:1000.00;K3:TMT:1000.00
S(+224.15)VFGQSNDS,35.29,1163.5459,9,22392.2,595.8074,41.59,4.70E+07,2,15211,20200314_Lum1_OBJ0039764_05_NEO223_TMT_500fmol.raw,3,3,NEO_Lrrk2,TMT,S1:TMT:1000.00
V(+224.15)M(+15.99)K(+224.15)AHRTSL,27.38,1505.8752,9,1,377.4765,22.55,1.12E+06,2,8122,20200314_Lum1_OBJ0039764_05_NEO223_TMT_500fmol.raw,1,1,NEO_Lrrk2,TMT; Oxidation (M),V1:TMT:1000.00;M2:Oxidation (M):1000.00;K3:TMT:1000.00
F(+224.15)SLSFQHPV,36.88,1284.6866,9,1.7,643.3517,46.31,8.10E+07,2,16980,20200314_Lum1_OBJ0039764_05_NEO223_TMT_500fmol.raw,2,2,NEO_Med1,TMT,F1:TMT:1000.00
FSLSFQHPV,28.6,1060.5342,9,1.8,531.2753,40.45,3.59E+04,2,14790,20200314_Lum1_OBJ0039764_05_NEO223_TMT_500fmol.raw,1,1,NEO_Med1,,
S(+224.15)SVLFEYM,36.31,1198.5944,8,1.8,1199.6038,58.21,8.13E+07,2,21420,20200314_Lum1_OBJ0039764_05_NEO223_TMT_500fmol.raw,2,2,NEO_Med12,TMT,S1:TMT:1000.00
S(+224.15)SVLFEYM(+15.99),27.19,1214.5894,8,2.1,608.3032,47.27,9.79E+06,2,17335,20200314_Lum1_OBJ0039764_05_NEO223_TMT_500fmol.raw,1,1,NEO_Med12,TMT; Oxidation (M),S1:TMT:1000.00;M8:Oxidation (M):1000.00
Q(+224.15)HTFAQV,26.96,1053.5607,7,1.6,527.7885,26.8,9.42E+04,2,9704,20200314_Lum1_OBJ0039764_05_NEO223_TMT_500fmol.raw,1,1,NEO_Mocos,TMT,Q1:TMT:1000.00
TGYVERSPL,39.86,1020.524,9,2.6,511.2706,26.9,4.55E+05,2,9740,20200314_Lum1_OBJ0039764_05_NEO223_TMT_500fmol.raw,1,1,NEO_Mttp,,
ASYSLVAHI,36.01,959.5076,9,1.4,480.7617,35.12,2.28E+05,2,12808,20200314_Lum1_OBJ0039764_05_NEO223_TMT_500fmol.raw,1,1,NEO_Nfe2l2,,
A(+224.15)SYSLVAHI,32.99,1183.66,9,2.7,592.8389,38.84,1.75E+06,2,14187,20200314_Lum1_OBJ0039764_05_NEO223_TMT_500fmol.raw,3,3,NEO_Nfe2l2,TMT,A1:TMT:1000.00
S(+224.15)YSLVAHI,29.23,1112.6229,8,1.3,557.3195,39.46,4.39E+05,2,14414,20200314_Lum1_OBJ0039764_05_NEO223_TMT_500fmol.raw,1,1,NEO_Nfe2l2,TMT,S1:TMT:1000.00
T(+224.15)SIMQLYL,29.17,1191.6573,8,0.9,1192.6656,60.87,3.12E+06,2,22418,20200314_Lum1_OBJ0039764_05_NEO223_TMT_500fmol.raw,1,1,NEO_Nipbl,TMT,T1:TMT:1000.00
M(+224.15)ALSTYYAL,37.63,1255.6522,9,2.4,1256.6625,55.67,9.48E+07,2,20474,20200314_Lum1_OBJ0039764_05_NEO223_TMT_500fmol.raw,3,3,NEO_Nle1,TMT,M1:TMT:1000.00
M(+15.99)(+224.15)ALSTYYAL,28.52,1271.6472,9,2.3,636.8323,53.32,3.09E+06,2,19594,20200314_Lum1_OBJ0039764_05_NEO223_TMT_500fmol.raw,2,2,NEO_Nle1,Oxidation (M); TMT,M1:Oxidation (M):1000.00;M1:TMT:1000.00
A(+224.15)LSTYYAL,27.92,1124.6117,8,3.3,563.315,50.09,5.16E+04,2,18390,20200314_Lum1_OBJ0039764_05_NEO223_TMT_500fmol.raw,1,1,NEO_Nle1,TMT,A1:TMT:1000.00
I(+224.15)NPHWNFEK(+224.15)M,40.6,1762.9229,10,1,588.6488,42.6,2.81E+05,2,15590,20200314_Lum1_OBJ0039764_05_NEO223_TMT_500fmol.raw,2,2,NEO_Nsf,TMT,I1:TMT:1000.00;K9:TMT:1000.00
V(+224.15)RFSLPSHL,31.49,1278.7449,9,1,427.256,42.29,1.02E+08,2,15477,20200314_Lum1_OBJ0039764_05_NEO223_TMT_500fmol.raw,2,2,NEO_Pdgfrb,TMT,V1:TMT:1000.00
S(+224.15)SMVPSAL,31.61,1014.542,8,1.5,1015.5508,42.53,1.47E+07,2,15566,20200314_Lum1_OBJ0039764_05_NEO223_TMT_500fmol.raw,1,1,NEO_Pitx2,TMT,S1:TMT:1000.00
V(+224.15)RYVYGGI,28.76,1149.6545,8,1.1,575.8352,37.1,2.49E+06,2,13547,20200314_Lum1_OBJ0039764_05_NEO223_TMT_500fmol.raw,1,1,NEO_Pnpla2,TMT,V1:TMT:1000.00
IFVRHMVGV,36.81,1056.5902,9,1.7,529.3033,28.55,2.24E+05,2,10362,20200314_Lum1_OBJ0039764_05_NEO223_TMT_500fmol.raw,2,2,NEO_Prep,,
I(+224.15)FVRHMVGV,36.15,1280.7427,9,1.6,641.3796,37.21,6.59E+06,2,13589,20200314_Lum1_OBJ0039764_05_NEO223_TMT_500fmol.raw,2,2,NEO_Prep,TMT,I1:TMT:1000.00
TAVVRQSTL,41.93,973.5557,9,3,487.7866,22.92,1.72E+05,2,8259,20200314_Lum1_OBJ0039764_05_NEO223_TMT_500fmol.raw,3,3,NEO_Ptprs,,
S(+224.15)YVSLWPDL,35.01,1302.6859,9,2.3,1303.6962,64.47,1.14E+05,2,23750,20200314_Lum1_OBJ0039764_05_NEO223_TMT_500fmol.raw,1,1,NEO_Qrich1,TMT,S1:TMT:1000.00
F(+224.15)VLESYLNL,31.72,1320.7329,9,3.6,661.3761,69.53,2.90E+06,2,25638,20200314_Lum1_OBJ0039764_05_NEO223_TMT_500fmol.raw,1,1,NEO_Rapsn,TMT,F1:TMT:1000.00
A(+224.15)QLANDVVL,37.26,1165.6707,9,1.8,1166.6801,47.28,1.17E+08,2,17339,20200314_Lum1_OBJ0039764_05_NEO223_TMT_500fmol.raw,3,3,NEO_Reps1,TMT,A1:TMT:1000.00
AQLANDVVL,31.22,941.5182,9,1.3,471.767,40.18,5.78E+05,2,14686,20200314_Lum1_OBJ0039764_05_NEO223_TMT_500fmol.raw,1,1,NEO_Reps1,,
A(+224.15)AQLANDVVL,29.08,1236.7078,10,1.2,619.3619,46.39,2.04E+05,2,17011,20200314_Lum1_OBJ0039764_05_NEO223_TMT_500fmol.raw,2,2,NEO_Reps1,TMT,A1:TMT:1000.00
Q(+224.15)LANDVVL,27.01,1094.6335,8,1.3,548.3248,46.26,6.02E+04,2,16964,20200314_Lum1_OBJ0039764_05_NEO223_TMT_500fmol.raw,1,1,NEO_Reps1,TMT,Q1:TMT:1000.00
A(+224.15)TLAQFNTV,41.11,1187.655,9,1.5,1188.6641,45.04,2.17E+08,2,16507,20200314_Lum1_OBJ0039764_05_NEO223_TMT_500fmol.raw,4,4,NEO_Rgl3,TMT,A1:TMT:1000.00
Y(+224.15)VWGRYDFL,27.75,1441.7394,9,2.8,721.879,55.1,5.46E+06,2,20258,20200314_Lum1_OBJ0039764_05_NEO223_TMT_500fmol.raw,1,1,NEO_Rnpep,TMT,Y1:TMT:1000.00
M(+224.15)NMGQFLEF,28.48,1339.6305,9,3.1,670.8246,65.14,2.06E+07,2,23995,20200314_Lum1_OBJ0039764_05_NEO223_TMT_500fmol.raw,1,1,NEO_Rwdd2a,TMT,M1:TMT:1000.00
M(+15.99)(+224.15)NMGQFLEF,28.13,1355.6254,9,2.4,678.8216,57.76,4.61E+06,2,21257,20200314_Lum1_OBJ0039764_05_NEO223_TMT_500fmol.raw,1,1,NEO_Rwdd2a,Oxidation (M); TMT,M1:Oxidation (M):22.85;M1:TMT:1000.00
S(+224.15)VTVFVNNL,37.88,1215.6863,9,1.5,1216.6954,53.59,3.87E+05,2,19698,20200314_Lum1_OBJ0039764_05_NEO223_TMT_500fmol.raw,2,2,NEO_Sart3,TMT,S1:TMT:1000.00
H(+224.15)SLTNSSSDFM,45.84,1448.6606,11,1.9,725.339,32.71,2.68E+06,2,11920,20200314_Lum1_OBJ0039764_05_NEO223_TMT_500fmol.raw,2,2,NEO_Setx,TMT,H1:TMT:1000.00
H(+224.15)SLTNSSSDFM(+15.99),43.07,1464.6555,11,2.8,733.3371,27.22,1.27E+05,2,9860,20200314_Lum1_OBJ0039764_05_NEO223_TMT_500fmol.raw,1,1,NEO_Setx,TMT; Oxidation (M),H1:TMT:1000.00;M11:Oxidation (M):1000.00
M(+224.15)QQLNPEFV,34.4,1328.6798,9,2.1,665.3486,49,2.51E+07,2,17984,20200314_Lum1_OBJ0039764_05_NEO223_TMT_500fmol.raw,2,2,NEO_Sgta,TMT,M1:TMT:1000.00
M(+15.99)(+224.15)QQLNPEFV,30.38,1344.6748,9,1.8,673.3459,42.23,1.23E+06,2,15454,20200314_Lum1_OBJ0039764_05_NEO223_TMT_500fmol.raw,1,1,NEO_Sgta,Oxidation (M); TMT,M1:Oxidation (M):1000.00;M1:TMT:1000.00
LSASRYALL,29.58,992.5654,9,2.2,497.2911,34.74,4.27E+04,2,12666,20200314_Lum1_OBJ0039764_05_NEO223_TMT_500fmol.raw,1,1,NEO_Slc12a4,,
V(+224.15)MMTSAEAV,38.63,1161.5774,9,1.3,1162.5862,41.76,5.19E+07,2,15278,20200314_Lum1_OBJ0039764_05_NEO223_TMT_500fmol.raw,2,2,NEO_Slc35e4,TMT,V1:TMT:1000.00
VMMTSAEAV,30.5,937.4249,9,1.5,469.7205,31.51,8.25E+05,2,11475,20200314_Lum1_OBJ0039764_05_NEO223_TMT_500fmol.raw,1,1,NEO_Slc35e4,,
V(+224.15)MM(+15.99)TSAEAV,29.91,1177.5723,9,1.7,589.7944,34.95,1.78E+06,2,12747,20200314_Lum1_OBJ0039764_05_NEO223_TMT_500fmol.raw,1,1,NEO_Slc35e4,TMT; Oxidation (M),V1:TMT:1000.00;M3:Oxidation (M):14.02
V(+224.15)M(+15.99)MTSAEAV,29.38,1177.5723,9,1.2,589.7941,37.16,2.71E+06,2,13571,20200314_Lum1_OBJ0039764_05_NEO223_TMT_500fmol.raw,3,3,NEO_Slc35e4,TMT; Oxidation (M),V1:TMT:1000.00;M2:Oxidation (M):14.02
VMM(+15.99)TSAEAV,28.44,953.4198,9,1.3,477.7178,26.13,1.27E+05,2,9451,20200314_Lum1_OBJ0039764_05_NEO223_TMT_500fmol.raw,1,1,NEO_Slc35e4,Oxidation (M),M3:Oxidation (M):7.65
VM(+15.99)MTSAEAV,27.67,953.4198,9,2.4,477.7183,28.3,2.53E+05,2,10268,20200314_Lum1_OBJ0039764_05_NEO223_TMT_500fmol.raw,1,1,NEO_Slc35e4,Oxidation (M),M2:Oxidation (M):14.02
L(+224.15)GVLFSQL,28.96,1099.6641,8,1.5,1100.673,67.67,8.22E+05,2,24939,20200314_Lum1_OBJ0039764_05_NEO223_TMT_500fmol.raw,2,2,NEO_Slc4a3,TMT,L1:TMT:1000.00
S(+224.15)AIRSYQYV,31.53,1309.703,9,3.7,655.8612,31.6,1.77E+07,2,11511,20200314_Lum1_OBJ0039764_05_NEO223_TMT_500fmol.raw,1,1,NEO_Spire1,TMT,S1:TMT:1000.00
H(+224.15)SFVYSVGF,33.47,1265.6444,9,1.7,633.8306,44.4,3.06E+07,2,16268,20200314_Lum1_OBJ0039764_05_NEO223_TMT_500fmol.raw,3,3,NEO_Srebf2,TMT,H1:TMT:1000.00
HSFVYSVGF,32.07,1041.4919,9,1.6,1042.5009,40.96,2.54E+07,2,14983,20200314_Lum1_OBJ0039764_05_NEO223_TMT_500fmol.raw,4,4,NEO_Srebf2,,
P(+224.15)NAGFMSQL,34.29,1187.6008,9,1.3,1188.6096,48.6,1.44E+08,2,17832,20200314_Lum1_OBJ0039764_05_NEO223_TMT_500fmol.raw,4,4,NEO_Ssh1,TMT,P1:TMT:1000.00
PNAGFMSQL,29.45,963.4484,9,1.9,482.7324,42.45,7.79E+04,2,15538,20200314_Lum1_OBJ0039764_05_NEO223_TMT_500fmol.raw,1,1,NEO_Ssh1,,
I(+224.15)HPVMSTL,30.58,1120.6315,8,1,561.3235,38.22,1.10E+08,2,13965,20200314_Lum1_OBJ0039764_05_NEO223_TMT_500fmol.raw,2,2,NEO_Stxbp4,TMT,I1:TMT:1000.00
I(+224.15)HPVM(+15.99)STL,30.49,1136.6263,8,2,569.3216,31.67,8.18E+06,2,11536,20200314_Lum1_OBJ0039764_05_NEO223_TMT_500fmol.raw,4,4,NEO_Stxbp4,TMT; Oxidation (M),I1:TMT:1000.00;M5:Oxidation (M):1000.00
IHPVMSTL,27.6,896.479,8,1.5,449.2475,30.66,4.07E+05,2,11154,20200314_Lum1_OBJ0039764_05_NEO223_TMT_500fmol.raw,1,1,NEO_Stxbp4,,
S(+224.15)AVDFK(+224.15)LHI,30.64,1476.8704,9,1.8,739.4438,42.68,8.49E+05,2,15620,20200314_Lum1_OBJ0039764_05_NEO223_TMT_500fmol.raw,1,1,NEO_Syde1,TMT,S1:TMT:1000.00;K6:TMT:1000.00
SAVDFK(+224.15)LHI,27.08,1252.7179,9,1.3,418.5804,39.53,2.44E+05,2,14444,20200314_Lum1_OBJ0039764_05_NEO223_TMT_500fmol.raw,1,1,NEO_Syde1,TMT,K6:TMT:61.30
S(+224.15)SFVPVGL,28.83,1028.5906,8,1.5,1029.5994,52.93,9.33E+06,2,19452,20200314_Lum1_OBJ0039764_05_NEO223_TMT_500fmol.raw,1,1,NEO_Tcp1,TMT,S1:TMT:1000.00
V(+224.15)LYLLDTSL,26.75,1259.7377,9,4.3,630.8788,71.09,1.13E+05,2,26223,20200314_Lum1_OBJ0039764_05_NEO223_TMT_500fmol.raw,1,1,NEO_Tdrd7,TMT,V1:TMT:1000.00
G(+224.15)AGFFSDV,31.06,1022.5073,8,1.5,1023.5161,49.45,4.98E+04,2,18147,20200314_Lum1_OBJ0039764_05_NEO223_TMT_500fmol.raw,1,1,NEO_Tesk1,TMT,G1:TMT:1000.00
I(+224.15)GAGFFSDV,29.17,1135.5913,9,1.2,1136.6,58.1,2.00E+08,2,21375,20200314_Lum1_OBJ0039764_05_NEO223_TMT_500fmol.raw,4,4,NEO_Tesk1,TMT,I1:TMT:1000.00
I(+224.15)MTQHLEPI,29.26,1304.7162,9,2.4,653.3669,41.77,5.92E+07,2,15282,20200314_Lum1_OBJ0039764_05_NEO223_TMT_500fmol.raw,1,1,NEO_Tmem161a,TMT,I1:TMT:1000.00
S(+224.15)AWVPFGGL,31.43,1156.6281,9,1,1157.6365,62.43,4.56E+06,2,22996,20200314_Lum1_OBJ0039764_05_NEO223_TMT_500fmol.raw,2,2,NEO_Tmem198b,TMT,S1:TMT:1000.00
A(+224.15)WVPFGGL,30.47,1069.5961,8,1.9,535.8063,63.79,1.01E+05,2,23498,20200314_Lum1_OBJ0039764_05_NEO223_TMT_500fmol.raw,1,1,NEO_Tmem198b,TMT,A1:TMT:1000.00
SAWVPFGGL,29.31,932.4756,9,1.5,933.4843,58.35,3.17E+04,2,21471,20200314_Lum1_OBJ0039764_05_NEO223_TMT_500fmol.raw,1,1,NEO_Tmem198b,,
W(+224.15)VPFGGL,27.43,998.5589,7,3.5,500.2885,63.97,9.77E+04,2,23563,20200314_Lum1_OBJ0039764_05_NEO223_TMT_500fmol.raw,1,1,NEO_Tmem198b,TMT,W1:TMT:1000.00
S(+224.15)VAGFNPAL,37.95,1098.6073,9,1.2,1099.6158,46.34,1.14E+07,2,16993,20200314_Lum1_OBJ0039764_05_NEO223_TMT_500fmol.raw,3,3,NEO_Tor1aip2,TMT,S1:TMT:1000.00
M(+224.15)GVMNRRPI,30.25,1296.7158,9,1.6,433.2466,29.62,7.61E+07,2,10764,20200314_Lum1_OBJ0039764_05_NEO223_TMT_500fmol.raw,3,3,NEO_Trp53,TMT,M1:TMT:1000.00
AQARNSLEL,32.87,1000.5302,9,1.5,1001.5389,25.67,3.77E+04,2,9276,20200314_Lum1_OBJ0039764_05_NEO223_TMT_500fmol.raw,4,4,NEO_Trpc1,,
A(+224.15)QARNSLEL,28.76,1224.6826,9,2.2,613.3499,30.01,7.69E+07,2,10908,20200314_Lum1_OBJ0039764_05_NEO223_TMT_500fmol.raw,1,1,NEO_Trpc1,TMT,A1:TMT:1000.00
VAALREFLV,39.93,1016.6018,9,1.5,509.309,44.26,4.94E+05,2,16213,20200314_Lum1_OBJ0039764_05_NEO223_TMT_500fmol.raw,1,1,NEO_Ubl7,,
V(+224.15)AALREFLV,31.12,1240.7543,9,2.2,621.3858,54.8,2.35E+08,2,20147,20200314_Lum1_OBJ0039764_05_NEO223_TMT_500fmol.raw,2,2,NEO_Ubl7,TMT,V1:TMT:1000.00
V(+224.15)SPQHRPV,26.6,1142.656,8,1.1,381.893,20.58,8.22E+06,2,7390,20200314_Lum1_OBJ0039764_05_NEO223_TMT_500fmol.raw,1,1,NEO_Wdr74,TMT,V1:TMT:1000.00
L(+224.15)NQLYELAL,34.13,1299.7438,9,1.8,1300.7534,64.75,8.13E+07,2,23853,20200314_Lum1_OBJ0039764_05_NEO223_TMT_500fmol.raw,4,4,NEO_Xab2,TMT,L1:TMT:1000.00
A(+224.15)VIGYSLL,31.33,1058.6376,8,1.7,1059.6466,57.5,2.26E+07,2,21160,20200314_Lum1_OBJ0039764_05_NEO223_TMT_500fmol.raw,1,1,NEO_Yipf4,TMT,A1:TMT:1000.00
SLLEHMSLL,34.13,1041.5529,9,1.9,521.7847,48.83,6.29E+04,2,17919,20200314_Lum1_OBJ0039764_05_NEO223_TMT_500fmol.raw,1,1,NEO_Zbtb24,,
S(+224.15)LLEHMSLL,32.31,1265.7053,9,2,633.8612,54.93,5.79E+05,2,20196,20200314_Lum1_OBJ0039764_05_NEO223_TMT_500fmol.raw,2,2,NEO_Zbtb24,TMT,S1:TMT:1000.00
S(+224.15)LLEHM(+15.99)SLL,32.23,1281.7002,9,2.2,641.8588,43.72,4.95E+06,2,16013,20200314_Lum1_OBJ0039764_05_NEO223_TMT_500fmol.raw,1,1,NEO_Zbtb24,TMT; Oxidation (M),S1:TMT:1000.00;M6:Oxidation (M):1000.00
IIAVLKQRL,28.04,1052.7069,9,1.1,527.3613,30.9,5.14E+04,2,11246,20200314_Lum1_OBJ0039764_05_NEO223_TMT_500fmol.raw,1,1,NEO_Zfp365,,
SNHVLGHL,33.71,875.4614,8,3.5,438.7395,20.82,1.81E+05,2,7473,20200314_Lum1_OBJ0039764_05_NEO223_TMT_500fmol.raw,2,2,NEO_Zfp644,,
S(+224.15)NHVLGHL,31.79,1099.6138,8,1.4,367.5457,25.59,3.13E+07,2,9250,20200314_Lum1_OBJ0039764_05_NEO223_TMT_500fmol.raw,3,3,NEO_Zfp644,TMT,S1:TMT:1000.00
NHVLGHL,27.87,788.4293,7,1.7,395.2226,20.08,2.82E+04,2,7214,20200314_Lum1_OBJ0039764_05_NEO223_TMT_500fmol.raw,1,1,NEO_Zfp644,,
L(+224.15)MLENYNNL,38.25,1346.6904,9,2.5,1347.701,52.96,8.37E+07,2,19465,20200314_Lum1_OBJ0039764_05_NEO223_TMT_500fmol.raw,6,6,NEO_Zfp759,TMT,L1:TMT:1000.00
LMLENYNNL,31.39,1122.538,9,1.3,562.277,43.66,6.57E+04,2,15990,20200314_Lum1_OBJ0039764_05_NEO223_TMT_500fmol.raw,1,1,NEO_Zfp759,,
L(+224.15)M(+15.99)LENYNNL,30.77,1362.6853,9,1.5,682.351,49.16,1.60E+07,2,18042,20200314_Lum1_OBJ0039764_05_NEO223_TMT_500fmol.raw,5,5,NEO_Zfp759,TMT; Oxidation (M),L1:TMT:1000.00;M2:Oxidation (M):1000.00
ASACNVQHL,40.23,941.4389,9,1.1,471.7273,22.58,2.92E+04,2,8132,20200314_Lum1_OBJ0039764_05_NEO223_TMT_500fmol.raw,1,1,NEO_Zhx3,,
A(+224.15)SACNVQHL,29.46,1165.5914,9,1.2,583.8037,28.1,6.27E+05,2,10191,20200314_Lum1_OBJ0039764_05_NEO223_TMT_500fmol.raw,1,1,NEO_Zhx3,TMT,A1:TMT:1000.00
T(+224.15)AATRNDFTL,27.99,1332.7037,10,1.7,667.3603,33.3,8.70E+05,2,12135,20200314_Lum1_OBJ0039764_05_NEO223_TMT_500fmol.raw,1,1,sp|E9Q1U1|CC171_MOUSE,TMT,T1:TMT:1000.00
SLTNDWEDHLAVK,34.95,1526.7365,13,1.9,509.9204,34.81,2.56E+04,2,12693,20200314_Lum1_OBJ0039764_05_NEO223_TMT_500fmol.raw,1,1,sp|P11499|HS90B_MOUSE,,
SGETEDTFIADLVVGLC(+57.02)TGQIK,42.3,2352.1519,22,3.6,1177.0874,67.42,2.17E+04,2,24846,20200314_Lum1_OBJ0039764_05_NEO223_TMT_500fmol.raw,1,1,sp|P17182|ENOA_MOUSE:sp|P17183|ENOG_MOUSE:sp|P21550|ENOB_MOUSE,Carbamidomethylation,C17:Carbamidomethylation:1000.00
LC(+57.02)YVALDFEQEMATAASSSSLEK,52.08,2549.1665,23,3.4,1275.5948,57.4,4.94E+04,2,21123,20200314_Lum1_OBJ0039764_05_NEO223_TMT_500fmol.raw,2,2,sp|P63260|ACTG_MOUSE:sp|P60710|ACTB_MOUSE,Carbamidomethylation,C2:Carbamidomethylation:1000.00
V(+224.15)APEEHPVLLTEAPLNPK(+224.15),44.7,2401.3621,18,2.6,801.4634,43.4,1.14E+05,2,15891,20200314_Lum1_OBJ0039764_05_NEO223_TMT_500fmol.raw,2,2,sp|P63260|ACTG_MOUSE:sp|P60710|ACTB_MOUSE,TMT,V1:TMT:1000.00;K18:TMT:1000.00
A(+224.15)VFPSIVGRPR,41,1421.8507,11,0.6,474.9578,36.25,6.07E+05,2,13227,20200314_Lum1_OBJ0039764_05_NEO223_TMT_500fmol.raw,1,1,sp|P63260|ACTG_MOUSE:sp|P60710|ACTB_MOUSE,TMT,A1:TMT:1000.00
V(+224.15)APEEHPVLLTEAPLNPK,38.16,2177.2095,18,2.4,726.7455,40.69,4.85E+03,2,14880,20200314_Lum1_OBJ0039764_05_NEO223_TMT_500fmol.raw,1,1,sp|P63260|ACTG_MOUSE:sp|P60710|ACTB_MOUSE,TMT,V1:TMT:140.19
AVFPSIVGRPR,35.11,1197.6981,11,2.3,400.2409,30.98,3.40E+04,2,11274,20200314_Lum1_OBJ0039764_05_NEO223_TMT_500fmol.raw,1,1,sp|P63260|ACTG_MOUSE:sp|P60710|ACTB_MOUSE,,
AGFAGDDAPR,32.68,975.441,10,3.7,488.7296,21.53,5.87E+03,2,7739,20200314_Lum1_OBJ0039764_05_NEO223_TMT_500fmol.raw,2,2,sp|P63260|ACTG_MOUSE:sp|P60710|ACTB_MOUSE,,
D(+224.15)SYVGDEAQSKR,29.81,1577.7686,12,2.8,526.9316,21.61,5.07E+03,2,7770,20200314_Lum1_OBJ0039764_05_NEO223_TMT_500fmol.raw,1,1,sp|P63260|ACTG_MOUSE:sp|P60710|ACTB_MOUSE,TMT,D1:TMT:94.89
H(+224.15)QGVMVGM(+15.99)GQK(+224.15),28.72,1634.8636,11,3.3,545.9636,24.22,6.26E+03,2,8743,20200314_Lum1_OBJ0039764_05_NEO223_TMT_500fmol.raw,1,1,sp|P63260|ACTG_MOUSE:sp|P60710|ACTB_MOUSE,TMT; Oxidation (M),H1:TMT:1000.00;M8:Oxidation (M):83.88;K11:TMT:1000.00
H(+224.15)QGVMVGMGQK(+224.15),26.68,1618.8688,11,1.8,540.6312,27.92,0.00E+00,2,10123,20200314_Lum1_OBJ0039764_05_NEO223_TMT_500fmol.raw,1,1,sp|P63260|ACTG_MOUSE:sp|P60710|ACTB_MOUSE,TMT,H1:TMT:1000.00;K11:TMT:1000.00
LISQIVSSITASLR,27.97,1486.8718,14,3.3,744.4457,59.04,2.06E+04,2,21729,20200314_Lum1_OBJ0039764_05_NEO223_TMT_500fmol.raw,1,1,sp|P68368|TBA4A_MOUSE:sp|P68373|TBA1C_MOUSE:sp|P05213|TBA1B_MOUSE:sp|Q9JJZ2|TBA8_MOUSE:tr|A0A2R8VHF3|A0A2R8VHF3_MOUSE,,
L(+224.15)APYFISEPL,35.54,1372.7642,10,2.5,1373.7749,66.21,0.00E+00,2,24392,20200314_Lum1_OBJ0039764_05_NEO223_TMT_500fmol.raw,2,2,sp|Q32MD9|CDON_MOUSE,TMT,L1:TMT:1000.00
A(+224.15)MAMFGYM,26.76,1144.512,8,1.4,573.264,59.11,4.56E+04,2,21755,20200314_Lum1_OBJ0039764_05_NEO223_TMT_500fmol.raw,1,1,sp|Q505B7|ARCH_MOUSE,TMT,A1:TMT:1000.00
AMGIMNSFVNDIFER,44.03,1742.812,15,2.9,872.4158,60.3,0.00E+00,2,22203,20200314_Lum1_OBJ0039764_05_NEO223_TMT_500fmol.raw,1,1,sp|Q8CGP0|H2B3B_MOUSE:sp|P10854|H2B1M_MOUSE:sp|Q6ZWY9|H2B1C_MOUSE:sp|Q64525|H2B2B_MOUSE:sp|Q64524|H2B2E_MOUSE:sp|Q64475|H2B1B_MOUSE:sp|P10853|H2B1F_MOUSE:sp|Q8CGP2|H2B1P_MOUSE:sp|Q64478|H2B1H_MOUSE:sp|Q9D2U9|H2B3A_MOUSE:sp|Q8CGP1|H2B1K_MOUSE,,
VTIAQGGVLPNIQAVLLPK,27.77,1930.1615,19,1.6,966.0896,58.82,0.00E+00,2,21646,20200314_Lum1_OBJ0039764_05_NEO223_TMT_500fmol.raw,1,1,sp|Q8CGP6|H2A1H_MOUSE:tr|Q8CGP4|Q8CGP4_MOUSE:sp|Q8R1M2|H2AJ_MOUSE:sp|Q64523|H2A2C_MOUSE:sp|Q6GSS7|H2A2A_MOUSE:sp|Q8BFU2|H2A3_MOUSE:sp|C0HKE9|H2A1P_MOUSE:sp|Q8CGP5|H2A1F_MOUSE:sp|C0HKE7|H2A1N_MOUSE:sp|C0HKE3|H2A1D_MOUSE:sp|Q8CGP7|H2A1K_MOUSE:sp|C0HKE2|H2A1C_MOUSE:sp|C0HKE5|H2A1G_MOUSE:sp|Q64522|H2A2B_MOUSE:sp|C0HKE6|H2A1I_MOUSE:sp|C0HKE4|H2A1E_MOUSE:sp|C0HKE1|H2A1B_MOUSE:sp|C0HKE8|H2A1O_MOUSE:sp|P27661|H2AX_MOUSE,,
M(+224.15)TYLHNLEM,35.39,1374.6676,9,2.7,688.343,44.8,0.00E+00,2,16419,20200314_Lum1_OBJ0039764_05_NEO223_TMT_500fmol.raw,2,2,tr|F8VPX6|F8VPX6_MOUSE,TMT,M1:TMT:1000.00
M(+15.99)(+224.15)TYLHNLEM,33.43,1390.6625,9,1.2,696.3394,38.53,5.96E+06,2,14068,20200314_Lum1_OBJ0039764_05_NEO223_TMT_500fmol.raw,1,1,tr|F8VPX6|F8VPX6_MOUSE,Oxidation (M); TMT,M1:Oxidation (M):148.10;M1:TMT:1000.00
M(+15.99)(+224.15)TYLHNLEM(+15.99),33.26,1406.6575,9,1.4,704.337,31.99,4.46E+05,2,11654,20200314_Lum1_OBJ0039764_05_NEO223_TMT_500fmol.raw,1,1,tr|F8VPX6|F8VPX6_MOUSE,Oxidation (M); TMT,M1:Oxidation (M):1000.00;M1:TMT:1000.00;M9:Oxidation (M):1000.00
M(+224.15)TYLHNLEM(+15.99),31.07,1390.6625,9,0.9,696.3391,37.51,4.25E+04,2,13700,20200314_Lum1_OBJ0039764_05_NEO223_TMT_500fmol.raw,1,1,tr|F8VPX6|F8VPX6_MOUSE,TMT; Oxidation (M),M1:TMT:1000.00;M9:Oxidation (M):1000.00
M(+224.15)TYLHNLEME,29.08,1503.7102,10,1.4,752.8635,46.51,5.41E+04,2,17054,20200314_Lum1_OBJ0039764_05_NEO223_TMT_500fmol.raw,1,1,tr|F8VPX6|F8VPX6_MOUSE,TMT,M1:TMT:1000.00
LSFAQRTLYM,44.97,1228.6274,10,1.3,615.3218,40.14,2.55E+05,2,14673,20200314_Lum1_OBJ0039764_05_NEO223_TMT_500fmol.raw,1,1,tr|H3BLB0|H3BLB0_MOUSE,,
LSFAQRTLYM(+15.99),40.18,1244.6223,10,3.6,623.3207,34.05,2.75E+04,2,12410,20200314_Lum1_OBJ0039764_05_NEO223_TMT_500fmol.raw,1,1,tr|H3BLB0|H3BLB0_MOUSE,Oxidation (M),M10:Oxidation (M):1000.00
L(+224.15)SFAQRTLYM,38.68,1452.7799,10,5.7,727.4014,47.45,1.08E+08,2,17400,20200314_Lum1_OBJ0039764_05_NEO223_TMT_500fmol.raw,2,2,tr|H3BLB0|H3BLB0_MOUSE,TMT,L1:TMT:1000.00
L(+224.15)SFAQRTLYM(+15.99),37.73,1468.7748,10,2.1,735.3962,41.47,7.77E+06,2,15170,20200314_Lum1_OBJ0039764_05_NEO223_TMT_500fmol.raw,2,2,tr|H3BLB0|H3BLB0_MOUSE,TMT; Oxidation (M),L1:TMT:1000.00;M10:Oxidation (M):1000.00
V(+224.15)MLENYNNL,34.27,1332.6748,9,2.6,667.3464,51.79,1.57E+04,2,19021,20200314_Lum1_OBJ0039764_05_NEO223_TMT_500fmol.raw,1,1,tr|H3BLB0|H3BLB0_MOUSE:tr|Q6PEP4|Q6PEP4_MOUSE:sp|Q80W31|ZN569_MOUSE,TMT,V1:TMT:1000.00
DDPHAC(+57.02)YSTVFDK,47.78,1553.6456,13,1.6,777.8313,28.87,1.18E+05,2,10478,20200314_Lum1_OBJ0039764_05_NEO223_TMT_500fmol.raw,2,2,,Carbamidomethylation,C6:Carbamidomethylation:1000.00
EYEATLEEC(+57.02)C(+57.02)AK,37.07,1501.6064,12,1.9,751.8119,25.77,9.84E+04,2,9314,20200314_Lum1_OBJ0039764_05_NEO223_TMT_500fmol.raw,1,1,,Carbamidomethylation,C9:Carbamidomethylation:1000.00;C10:Carbamidomethylation:1000.00
KVPQVSTPTLVEVSR,36.34,1638.9304,15,1.2,547.3181,32.36,2.24E+04,2,11787,20200314_Lum1_OBJ0039764_05_NEO223_TMT_500fmol.raw,1,1,,,
YIC(+57.02)DNQDTISSK,34.46,1442.6348,12,3.5,722.3272,23.41,9.91E+03,2,8443,20200314_Lum1_OBJ0039764_05_NEO223_TMT_500fmol.raw,1,1,,Carbamidomethylation,C3:Carbamidomethylation:1000.00
HLVDEPQNLIK,32.82,1304.7089,11,2.4,653.3633,29.73,1.49E+04,2,10802,20200314_Lum1_OBJ0039764_05_NEO223_TMT_500fmol.raw,1,1,,,
FKDLGEEHFK,32.22,1248.6138,10,2.5,417.2129,23.28,1.05E+04,2,8395,20200314_Lum1_OBJ0039764_05_NEO223_TMT_500fmol.raw,1,1,,,
DLGEEHFK,31.96,973.4504,8,3.2,487.7341,22.11,3.18E+04,2,7958,20200314_Lum1_OBJ0039764_05_NEO223_TMT_500fmol.raw,2,2,,,
FSALTPDETYVPK,30.96,1466.7292,13,2.4,734.3737,36.65,3.63E+04,2,13378,20200314_Lum1_OBJ0039764_05_NEO223_TMT_500fmol.raw,1,1,,,