Replicate,Peptide,Protein,Charge,TriggerMZ,TargetMZ,MS1TriggerIntensity,MS2RetentionTime,MS2ScanNumber,MS3ScanNumber,MS2InjectionTime,MS3InjectionTime,MS3SPSIons,MS3SumSN,MS3IS,MS3Quant1,MS3Quant2,MS3Quant3,MS3Quant4,MS3Quant5,MS3Quant6,MS3Quant7,MS3Quant8,MS3Quant9,MS3Quant10,MSQuant11,QuantError1,QuantError2,QuantError3,QuantError4,QuantError5,QuantError6,QuantError7,QuantError8,QuantError9,QuantError10,QuantError11
1,VSPQHRPV,Wdr74,3,385.5673828,383.5627701,7.81,17.96,4809,,900,,,,0,,,,,,,,,,,,,,,,,,,,,,
1,VSPQHRPV,Wdr74,3,385.5673828,383.5627701,7.62,17.82,4801,4802,900,2500,3,98.09,0.14,22.1,15.9,0,0,3.5,15.7,0,18.8,10.6,11.5,0,-0.534049103,-0.267503731,-100,-100,-0.809643135,-0.604194384,-100,-0.504825007,-0.959490132,-0.639689356,-100
1,VSPQHRPV,Wdr74,3,385.5673828,383.5627701,7.27,17.89,4805,4806,900,2500,1,13.7,0.08,0,3.8,0,0,0,0,0,0,3.5,6.4,0,-100,-0.44754878,-100,-100,-100,-100,-100,-100,-0.138754102,-0.52333278,-100
1,VSPQHRPV,Wdr74,3,385.5673828,383.5627701,6.18,18.03,4824,,370.9,,,,0,,,,,,,,,,,,,,,,,,,,,,
1,VSPQHRPV,Wdr74,3,385.5673828,383.5627701,5.9,18.01,4820,,701.3,,,,0,,,,,,,,,,,,,,,,,,,,,,
1,M*GVMNRRPI,Trp53_OX1,3,442.2522996,440.247687,7.9,20.11,5382,5383,900,2500,1,0,1,0,0,0,0,0,0,0,0,0,0,0,-100,-100,-100,-100,-100,-100,-100,-100,-100,-100,-100
1,M*GVMNRRPI,Trp53_OX1,3,442.2522996,440.247687,7.9,20.09,5381,,900,,,,0,,,,,,,,,,,,,,,,,,,,,,
1,M*GVMNRRPI,Trp53_OX1,3,442.2522996,440.247687,7.59,20.03,5372,,900,,,,0,,,,,,,,,,,,,,,,,,,,,,
1,M*GVMNRRPI,Trp53_OX1,3,442.2522996,440.247687,7.59,20.01,5371,,900,,,,0,,,,,,,,,,,,,,,,,,,,,,
1,M*GVMNRRPI,Trp53_OX1,3,442.2522996,440.247687,7.46,19.98,5367,,900,,,,0,,,,,,,,,,,,,,,,,,,,,,
1,M*GVMNRRPI,Trp53_OX1,3,442.2522996,440.247687,7.46,19.97,5366,,900,,,,0,,,,,,,,,,,,,,,,,,,,,,
1,M*GVMNRRPI,Trp53_OX1,3,442.2522996,440.247687,7.36,20.07,5377,,890.4,,,,0,,,,,,,,,,,,,,,,,,,,,,
1,M*GVMNRRPI,Trp53_OX1,3,442.2522996,440.247687,7.36,20.05,5376,,890.4,,,,0,,,,,,,,,,,,,,,,,,,,,,
1,MGVM*NRRPI,Trp53_OX2,3,442.2522996,440.247687,7.9,20.11,5382,5383,900,2500,1,0,1,0,0,0,0,0,0,0,0,0,0,0,-100,-100,-100,-100,-100,-100,-100,-100,-100,-100,-100
1,MGVM*NRRPI,Trp53_OX2,3,442.2522996,440.247687,7.9,20.09,5381,,900,,,,0,,,,,,,,,,,,,,,,,,,,,,
1,MGVM*NRRPI,Trp53_OX2,3,442.2522996,440.247687,7.59,20.03,5372,,900,,,,0,,,,,,,,,,,,,,,,,,,,,,
1,MGVM*NRRPI,Trp53_OX2,3,442.2522996,440.247687,7.59,20.01,5371,,900,,,,0,,,,,,,,,,,,,,,,,,,,,,
1,MGVM*NRRPI,Trp53_OX2,3,442.2522996,440.247687,7.46,19.98,5367,,900,,,,0,,,,,,,,,,,,,,,,,,,,,,
1,MGVM*NRRPI,Trp53_OX2,3,442.2522996,440.247687,7.46,19.97,5366,,900,,,,0,,,,,,,,,,,,,,,,,,,,,,
1,MGVM*NRRPI,Trp53_OX2,3,442.2522996,440.247687,7.36,20.07,5377,,890.4,,,,0,,,,,,,,,,,,,,,,,,,,,,
1,MGVM*NRRPI,Trp53_OX2,3,442.2522996,440.247687,7.36,20.05,5376,,890.4,,,,0,,,,,,,,,,,,,,,,,,,,,,
1,AVIGYSLL,Yipf4_2,2,535.838214,532.831295,8.34,37.86,9938,9940,900,2500,1,4.58,0.02,0,0,0,0,0,0,0,0,2.4,2.1,0,-100,-100,-100,-100,-100,-100,-100,-100,-0.138754102,-0.639689356,-100
1,AVIGYSLL,Yipf4_2,2,535.838214,532.831295,7.89,37.79,9933,9934,900,2500,3,29.43,0.15,0,0,0,0,0,9.8,0,0,12.4,7.2,0,-100,-100,-100,-100,-100,-0.249700101,-100,-100,-0.373250111,-0.52333278,-100
1,AVIGYSLL,Yipf4_2,2,535.838214,532.831295,7.48,37.98,9945,,900,,,,0,,,,,,,,,,,,,,,,,,,,,,
1,AVIGYSLL,Yipf4_2,2,535.838214,532.831295,6.8,37.72,9928,9929,900,2500,3,42.33,0.16,11.6,5.1,0,0,0,3.5,0,11.1,4.8,6.2,0,-0.473559671,-0.387533764,-100,-100,-100,-1.076853429,-100,-0.739332403,-0.842242128,-0.639689356,-100
1,AVIGYSLL,Yipf4_2,2,535.838214,532.831295,6.62,38.06,9951,,900,,,,0,,,,,,,,,,,,,,,,,,,,,,
1,AVIGYSLL,Yipf4_2,2,535.838214,532.831295,6.52,37.69,9924,,900,,,,0,,,,,,,,,,,,,,,,,,,,,,
1,AVIGYSLL,Yipf4_2,2,535.838214,532.831295,6.3,38.15,9957,,900,,,,0,,,,,,,,,,,,,,,,,,,,,,
1,AVIGYSLL,Yipf4_2,2,535.838214,532.831295,5.83,39.34,10214,,900,,,,0,,,,,,,,,,,,,,,,,,,,,,
1,AVIGYSLL,Yipf4_2,2,535.838214,532.831295,5.57,39.31,10210,,900,,,,0,,,,,,,,,,,,,,,,,,,,,,
1,AVIGYSLL,Yipf4_2,2,535.838214,532.831295,5.48,39.29,10206,,900,,,,0,,,,,,,,,,,,,,,,,,,,,,
1,SVAGFNPAL,Tor1aip2,2,555.8230952,552.8161762,8.9,31.88,8558,,607.2,,,,0,,,,,,,,,,,,,,,,,,,,,,
1,SVAGFNPAL,Tor1aip2,2,555.8230952,552.8161762,8.03,31.81,8553,8554,900,2500,2,52.64,0.36,7.3,9.7,0,0,0,9.2,0,10.8,8.5,7.1,0,-0.352580805,-0.747623861,-100,-100,-100,-0.604194384,-100,-0.739332403,-0.959490132,-1.105115657,-100
1,SVAGFNPAL,Tor1aip2,2,555.8230952,552.8161762,7.68,31.92,8566,,354.4,,,,0,,,,,,,,,,,,,,,,,,,,,,
1,SVAGFNPAL,Tor1aip2,2,555.8230952,552.8161762,7.65,31.9,8562,,573,,,,0,,,,,,,,,,,,,,,,,,,,,,
1,SVAGFNPAL,Tor1aip2,2,555.8230952,552.8161762,7.38,31.93,8570,8571,900,2500,1,37.36,0.46,0,4.7,0,0,0,10.1,0,0,10.3,12.3,0,-100,-0.207488715,-100,-100,-100,-0.958688667,-100,-100,-0.60774612,-0.988759082,-100
1,SVAGFNPAL,Tor1aip2,2,555.8230952,552.8161762,7.08,32,8575,8576,900,2500,1,4.75,0.7,0,0,0,0,0,2.3,0,0,0,2.5,0,-100,-100,-100,-100,-100,-2.022171517,-100,-100,-100,-0.29061963,-100
1,SVAGFNPAL,Tor1aip2,2,555.8230952,552.8161762,6.6,32.94,8766,,900,,,,0,,,,,,,,,,,,,,,,,,,,,,
1,SVAGFNPAL,Tor1aip2,2,555.8230952,552.8161762,6.35,31.75,8548,8549,568.9,2500,2,256.85,0.73,74.5,28.8,0,0,13.3,27.4,0,71,22.3,17.2,2.4,-1.13894343,-0.92766891,-100,-100,-0.928727356,-1.19501819,-100,-0.973839798,-0.724994124,-0.872402507,-0.013210023
1,SVAGFNPAL,Tor1aip2,2,555.8230952,552.8161762,6.3,32.18,8598,,488,,,,0,,,,,,,,,,,,,,,,,,,,,,
1,SVAGFNPAL,Tor1aip2,2,555.8230952,552.8161762,6.28,32.11,8593,8594,779.7,2500,1,6.62,0.09,0,0,0,0,0,4.4,0,0,2.3,0,0,-100,-100,-100,-100,-100,-0.486029623,-100,-100,-1.662978158,-100,-100
1,SAWVPFGGL,Tmem198b,2,584.8334629,581.8265439,8.68,40.27,10485,10486,900,2500,2,22.04,0.51,5.3,2.8,0,0,2.5,3.6,0,5.5,0,2.3,0,-1.13894343,-1.587834088,-100,-100,-1.285980017,-1.076853429,-100,-1.560108286,-100,-1.105115657,-100
1,SAWVPFGGL,Tmem198b,2,584.8334629,581.8265439,8.28,40.34,10489,10490,900,2500,2,7.83,0.41,2,0,0,0,0,0,0,2.9,3,0,0,0.252313522,-100,-100,-100,-100,-100,-100,0.902219363,1.150973945,-100,-100
1,SAWVPFGGL,Tmem198b,2,584.8334629,581.8265439,7.35,40.41,10493,10494,900,2500,2,2.29,0.16,0,0,0,0,0,0,0,2.3,0,0,0,-100,-100,-100,-100,-100,-100,-100,1.605741549,-100,-100,-100
1,SAWVPFGGL,Tmem198b,2,584.8334629,581.8265439,6.86,40.48,10498,10499,900,2500,1,0,0.21,0,0,0,0,0,0,0,0,0,0,0,-100,-100,-100,-100,-100,-100,-100,-100,-100,-100,-100
1,SAWVPFGGL,Tmem198b,2,584.8334629,581.8265439,6.71,40.54,10502,,900,,,,0,,,,,,,,,,,,,,,,,,,,,,
1,SAWVPFGGL,Tmem198b,2,584.8334629,581.8265439,6.43,40.57,10505,,900,,,,0,,,,,,,,,,,,,,,,,,,,,,
1,SAWVPFGGL,Tmem198b,2,584.8334629,581.8265439,6.27,40.59,10508,,900,,,,0,,,,,,,,,,,,,,,,,,,,,,
1,SAWVPFGGL,Tmem198b,2,584.8334629,581.8265439,6.24,40.61,10511,,900,,,,0,,,,,,,,,,,,,,,,,,,,,,
1,SAWVPFGGL,Tmem198b,2,584.8334629,581.8265439,6.17,40.64,10515,,900,,,,0,,,,,,,,,,,,,,,,,,,,,,
1,SAWVPFGGL,Tmem198b,2,584.8334629,581.8265439,6.14,40.74,10530,,900,,,,0,,,,,,,,,,,,,,,,,,,,,,
1,SAWVPFGGL,Tmem198b,2,584.8334629,581.8265439,6.11,40.76,10533,,900,,,,0,,,,,,,,,,,,,,,,,,,,,,
1,SAWVPFGGL,Tmem198b,2,584.8334629,581.8265439,6.07,40.66,10519,,900,,,,0,,,,,,,,,,,,,,,,,,,,,,
1,SAWVPFGGL,Tmem198b,2,584.8334629,581.8265439,5.97,40.71,10527,,900,,,,0,,,,,,,,,,,,,,,,,,,,,,
1,SAWVPFGGL,Tmem198b,2,584.8334629,581.8265439,5.92,40.69,10523,,900,,,,0,,,,,,,,,,,,,,,,,,,,,,
1,SAWVPFGGL,Tmem198b,2,584.8334629,581.8265439,5.87,40.2,10481,10482,900,2500,4,130.99,0.48,41.8,16,0,0,10.4,8.8,0,35.9,8.3,9.7,0,-0.836496267,-0.747623861,-100,-100,-0.452390474,-0.722359145,-100,-0.739332403,-0.373250111,-0.52333278,-100
1,SAWVPFGGL,Tmem198b,2,584.8334629,581.8265439,5.78,40.78,10536,,900,,,,0,,,,,,,,,,,,,,,,,,,,,,
1,SAWVPFGGL,Tmem198b,2,584.8334629,581.8265439,5.65,40.83,10542,10543,900,2500,1,0,0.52,0,0,0,0,0,0,0,0,0,0,0,-100,-100,-100,-100,-100,-100,-100,-100,-100,-100,-100
1,SAWVPFGGL,Tmem198b,2,584.8334629,581.8265439,5.61,40.14,10477,10478,727.1,2500,1,0,0.4,0,0,0,0,0,0,0,0,0,0,0,-100,-100,-100,-100,-100,-100,-100,-100,-100,-100,-100
1,SAWVPFGGL,Tmem198b,2,584.8334629,581.8265439,5.58,40,10444,,900,,,,0,,,,,,,,,,,,,,,,,,,,,,
1,SAWVPFGGL,Tmem198b,2,584.8334629,581.8265439,5.52,40.81,10539,,900,,,,0,,,,,,,,,,,,,,,,,,,,,,
1,SAWVPFGGL,Tmem198b,2,584.8334629,581.8265439,5.5,40.03,10448,,900,,,,0,,,,,,,,,,,,,,,,,,,,,,
1,SAWVPFGGL,Tmem198b,2,584.8334629,581.8265439,5.39,40.9,10546,10547,900,2500,1,0,0.42,0,0,0,0,0,0,0,0,0,0,0,-100,-100,-100,-100,-100,-100,-100,-100,-100,-100,-100
1,SAWVPFGGL,Tmem198b,2,584.8334629,581.8265439,5.28,40.96,10550,,900,,,,0,,,,,,,,,,,,,,,,,,,,,,
1,LQFIQSPL,Zc3h7a,2,590.8622204,587.8553014,9.14,37.87,9939,9941,900,2500,2,27.04,0.83,0,0,0,0,0,6.3,2,6.9,10.1,0,1.7,-100,-100,-100,-100,-100,-0.604194384,-12.99644411,-0.973839798,-0.373250111,-100,-0.59496485
1,LQFIQSPL,Zc3h7a,2,590.8622204,587.8553014,8.42,38,9946,9947,900,2500,1,2.24,0.36,2.2,0,0,0,0,0,0,0,0,0,0,-2.288242651,-100,-100,-100,-100,-100,-100,-100,-100,-100,-100
1,LQFIQSPL,Zc3h7a,2,590.8622204,587.8553014,7.27,38.08,9952,9953,900,2500,1,13.34,0.04,0,0,0,0,0,3.1,0,0,6.2,4.1,0,-100,-100,-100,-100,-100,-1.785841995,-100,-100,-2.014722171,-1.454185384,-100
1,LQFIQSPL,Zc3h7a,2,590.8622204,587.8553014,7.03,38.16,9958,,434.6,,,,0,,,,,,,,,,,,,,,,,,,,,,
1,LQFIQSPL,Zc3h7a,2,590.8622204,587.8553014,6.5,38.31,9982,9983,900,2500,2,17.92,0.11,0,3.8,0,0,0,3.4,0,0,5.7,5,0,-100,0.152601382,-100,-100,-100,-0.840523906,-100,-100,-1.780226163,-1.337828808,-100
1,LQFIQSPL,Zc3h7a,2,590.8622204,587.8553014,6.37,38.18,9961,9962,900,2500,1,2.16,0.07,0,0,0,0,0,0,0,0,0,2.2,0,-100,-100,-100,-100,-100,-100,-100,-100,-100,0.407519823,-100
1,IGDLRLATL,Wnk4,2,603.8862268,600.8793078,8.19,33.71,8942,,900,,,,0,,,,,,,,,,,,,,,,,,,,,,
1,IGDLRLATL,Wnk4,2,603.8862268,600.8793078,7.89,33.67,8938,8939,382.4,1912.2,1,10.87,0.06,0,0,0,0,0,0,0,3.8,4.5,2.5,0,-100,-100,-100,-100,-100,-100,-100,-1.677361983,-0.959490132,0.523876398,-100
1,IGDLRLATL,Wnk4,2,603.8862268,600.8793078,7.53,33.77,8949,8950,900,2500,1,0,0,0,0,0,0,0,0,0,0,0,0,0,-100,-100,-100,-100,-100,-100,-100,-100,-100,-100,-100
1,IGDLRLATL,Wnk4,2,603.8862268,600.8793078,7.39,33.74,8945,,900,,,,0,,,,,,,,,,,,,,,,,,,,,,
1,IGDLRLATL,Wnk4,2,603.8862268,600.8793078,7.06,33.6,8934,8935,900,2500,2,135.23,0.19,23.5,17.6,0,0,4.5,20.3,0,34.5,20.6,14.1,0,-0.594538536,-0.507563796,-100,-100,-0.214222033,-0.486029623,-100,-0.622078705,-0.373250111,-0.406976205,-100
1,IGDLRLATL,Wnk4,2,603.8862268,600.8793078,6.73,33.58,8931,,432.3,,,,0,,,,,,,,,,,,,,,,,,,,,,
1,IGDLRLATL,Wnk4,2,603.8862268,600.8793078,6.43,33.84,8955,,304.6,,,,0,,,,,,,,,,,,,,,,,,,,,,
1,RALSGLEPF,Vps13d,2,612.8627517,609.8558327,8.51,29.67,8046,8047,900,2500,1,9.97,1,3.4,0,0,0,0,0,0,3.9,2.8,0,0,-1.017964565,-100,-100,-100,-100,-100,-100,-0.270317612,0.330237915,-100,-100
1,RALSGLEPF,Vps13d,2,612.8627517,609.8558327,8.33,29.63,8042,8043,216.3,1081.5,1,17.92,1,6.7,2.8,0,0,0,0,0,6.2,2.3,0,0,-0.050133642,-0.807638877,-100,-100,-100,-100,-100,0.433204573,-0.842242128,-100,-100
1,RALSGLEPF,Vps13d,2,612.8627517,609.8558327,7.8,29.76,8055,,353.4,,,,0,,,,,,,,,,,,,,,,,,,,,,
1,RALSGLEPF,Vps13d,2,612.8627517,609.8558327,7.64,29.77,8058,,229.4,,,,0,,,,,,,,,,,,,,,,,,,,,,
1,RALSGLEPF,Vps13d,2,612.8627517,609.8558327,7.59,29.74,8052,,750.5,,,,0,,,,,,,,,,,,,,,,,,,,,,
1,RALSGLEPF,Vps13d,2,612.8627517,609.8558327,7.53,29.81,8064,,444,,,,0,,,,,,,,,,,,,,,,,,,,,,
1,RALSGLEPF,Vps13d,2,612.8627517,609.8558327,7.46,29.79,8061,,637.7,,,,0,,,,,,,,,,,,,,,,,,,,,,
1,RALSGLEPF,Vps13d,2,612.8627517,609.8558327,7.3,29.82,8067,,417.7,,,,0,,,,,,,,,,,,,,,,,,,,,,
1,RALSGLEPF,Vps13d,2,612.8627517,609.8558327,7.25,30.09,8118,,154.9,,,,0,,,,,,,,,,,,,,,,,,,,,,
1,RALSGLEPF,Vps13d,2,612.8627517,609.8558327,7.19,30.06,8115,,900,,,,0,,,,,,,,,,,,,,,,,,,,,,
1,RALSGLEPF,Vps13d,2,612.8627517,609.8558327,7.15,29.84,8070,8071,781.9,2500,1,148.58,0.02,0,38,0,3.7,0,29.6,0,3.3,39.9,34.1,0,-100,-0.387533764,-100,-0.466939871,-100,-0.249700101,-100,-0.035810217,-0.490498115,-0.406976205,-100
1,RALSGLEPF,Vps13d,2,612.8627517,609.8558327,6.92,29.9,8074,,559,,,,0,,,,,,,,,,,,,,,,,,,,,,
1,RALSGLEPF,Vps13d,2,612.8627517,609.8558327,6.72,30.05,8111,,190.7,,,,0,,,,,,,,,,,,,,,,,,,,,,
1,RALSGLEPF,Vps13d,2,612.8627517,609.8558327,6.66,30.1,8123,,143.1,,,,0,,,,,,,,,,,,,,,,,,,,,,
1,ASACNVQHL,Zhx3,2,617.8258415,614.8189225,6.98,20.71,5520,,900,,,,0,,,,,,,,,,,,,,,,,,,,,,
1,ASACNVQHL,Zhx3,2,617.8258415,614.8189225,6.81,20.78,5532,,900,,,,0,,,,,,,,,,,,,,,,,,,,,,
1,ASACNVQHL,Zhx3,2,617.8258415,614.8189225,6.6,20.64,5516,5517,900,2500,1,8.55,1,0,4.7,0,0,0,3.8,0,0,0,0,0,-100,-0.567578812,-100,-100,-100,0.104794182,-100,-100,-100,-100,-100
1,ASACNVQHL,Zhx3,2,617.8258415,614.8189225,6.49,20.73,5523,,297.8,,,,0,,,,,,,,,,,,,,,,,,,,,,
1,ASACNVQHL,Zhx3,2,617.8258415,614.8189225,6.35,20.92,5566,,525.4,,,,0,,,,,,,,,,,,,,,,,,,,,,
1,ASACNVQHL,Zhx3,2,617.8258415,614.8189225,5.84,20.77,5529,,469.5,,,,0,,,,,,,,,,,,,,,,,,,,,,
1,ASACNVQHL,Zhx3,2,617.8258415,614.8189225,5.82,20.94,5572,,699.2,,,,0,,,,,,,,,,,,,,,,,,,,,,
1,ASACNVQHL,Zhx3,2,617.8258415,614.8189225,5.78,20.75,5526,,900,,,,0,,,,,,,,,,,,,,,,,,,,,,
1,AQARNSLEL,Trpc1,2,618.8607403,615.8538213,8.94,23.03,6166,,316.5,,,,0,,,,,,,,,,,,,,,,,,,,,,
1,AQARNSLEL,Trpc1,2,618.8607403,615.8538213,7.94,22.96,6162,6163,900,2500,3,45.86,0.27,0,10.3,0,0,0,15.1,0,2.3,8.3,9.8,0,-100,-0.627593829,-100,-100,-100,-0.486029623,-100,-0.270317612,-0.256002107,-0.406976205,-100
1,AQARNSLEL,Trpc1,2,618.8607403,615.8538213,7.54,23.04,6169,,900,,,,0,,,,,,,,,,,,,,,,,,,,,,
1,AQARNSLEL,Trpc1,2,618.8607403,615.8538213,7.3,23.07,6172,,237.6,,,,0,,,,,,,,,,,,,,,,,,,,,,
1,AQARNSLEL,Trpc1,2,618.8607403,615.8538213,7.04,23.09,6178,,193.6,,,,0,,,,,,,,,,,,,,,,,,,,,,
1,AQARNSLEL,Trpc1,2,618.8607403,615.8538213,6.89,23.08,6175,,272.4,,,,0,,,,,,,,,,,,,,,,,,,,,,
1,AQARNSLEL,Trpc1,2,618.8607403,615.8538213,6.76,22.86,6138,,900,,,,0,,,,,,,,,,,,,,,,,,,,,,
1,AQARNSLEL,Trpc1,2,618.8607403,615.8538213,6.75,22.95,6159,,446,,,,0,,,,,,,,,,,,,,,,,,,,,,
1,AQARNSLEL,Trpc1,2,618.8607403,615.8538213,6.6,23.11,6184,,56.1,,,,0,,,,,,,,,,,,,,,,,,,,,,
1,AQARNSLEL,Trpc1,2,618.8607403,615.8538213,6.57,23.1,6181,,47,,,,0,,,,,,,,,,,,,,,,,,,,,,
1,AQARNSLEL,Trpc1,2,618.8607403,615.8538213,6.45,22.84,6135,,504.2,,,,0,,,,,,,,,,,,,,,,,,,,,,
1,AQARNSLEL,Trpc1,2,618.8607403,615.8538213,6.06,22.93,6156,,301.5,,,,0,,,,,,,,,,,,,,,,,,,,,,
1,SAMAMFGYM,Zbtb8os,2,622.2914022,619.2844832,7.88,38.43,9993,,900,,,,0,,,,,,,,,,,,,,,,,,,,,,
1,SAMAMFGYM,Zbtb8os,2,622.2914022,619.2844832,7.73,38.45,9996,,900,,,,0,,,,,,,,,,,,,,,,,,,,,,
1,SAMAMFGYM,Zbtb8os,2,622.2914022,619.2844832,7.57,38.4,9990,,900,,,,0,,,,,,,,,,,,,,,,,,,,,,
1,SAMAMFGYM,Zbtb8os,2,622.2914022,619.2844832,7.43,38.38,9987,,854.5,,,,0,,,,,,,,,,,,,,,,,,,,,,
1,SAMAMFGYM,Zbtb8os,2,622.2914022,619.2844832,7.13,38.48,10001,,588.3,,,,0,,,,,,,,,,,,,,,,,,,,,,
1,SAMAMFGYM,Zbtb8os,2,622.2914022,619.2844832,6.8,38.5,10005,,900,,,,0,,,,,,,,,,,,,,,,,,,,,,
1,SAMAMFGYM,Zbtb8os,2,622.2914022,619.2844832,6.63,38.52,10009,,900,,,,0,,,,,,,,,,,,,,,,,,,,,,
1,SAMAMFGYM,Zbtb8os,2,622.2914022,619.2844832,6.61,38.54,10012,10013,900,2500,1,6.28,0.05,0,0,0,0,0,0,0,0,4,2.3,0,-100,-100,-100,-100,-100,-100,-100,-100,-0.490498115,0.291163247,-100
1,SAMAMFGYM,Zbtb8os,2,622.2914022,619.2844832,6.45,38.61,10017,,293.2,,,,0,,,,,,,,,,,,,,,,,,,,,,
1,SAMAMFGYM,Zbtb8os,2,622.2914022,619.2844832,6.39,38.66,10027,,900,,,,0,,,,,,,,,,,,,,,,,,,,,,
1,SAMAMFGYM,Zbtb8os,2,622.2914022,619.2844832,6.33,38.68,10030,,900,,,,0,,,,,,,,,,,,,,,,,,,,,,
1,SAMAMFGYM,Zbtb8os,2,622.2914022,619.2844832,6.13,38.63,10020,,479.3,,,,0,,,,,,,,,,,,,,,,,,,,,,
1,SAMAMFGYM,Zbtb8os,2,622.2914022,619.2844832,6.02,38.79,10041,,900,,,,0,,,,,,,,,,,,,,,,,,,,,,
1,SAMAMFGYM,Zbtb8os,2,622.2914022,619.2844832,5.96,38.72,10037,10038,900,2500,1,0,1,0,0,0,0,0,0,0,0,0,0,0,-100,-100,-100,-100,-100,-100,-100,-100,-100,-100,-100
1,SAMAMFGYM,Zbtb8os,2,622.2914022,619.2844832,5.8,38.84,10048,,900,,,,0,,,,,,,,,,,,,,,,,,,,,,
1,SAMAMFGYM,Zbtb8os,2,622.2914022,619.2844832,5.62,38.86,10052,,900,,,,0,,,,,,,,,,,,,,,,,,,,,,
1,SAMAMFGYM,Zbtb8os,2,622.2914022,619.2844832,5.53,38.81,10044,,900,,,,0,,,,,,,,,,,,,,,,,,,,,,
1,SAMAMFGYM,Zbtb8os,2,622.2914022,619.2844832,5.51,38.89,10056,10057,900,2500,1,2.01,0.04,0,0,0,0,0,0,0,0,2,0,0,-100,-100,-100,-100,-100,-100,-100,-100,-0.959490132,-100,-100
1,SAMAMFGYM,Zbtb8os,2,622.2914022,619.2844832,5.46,38.96,10060,,900,,,,0,,,,,,,,,,,,,,,,,,,,,,
1,VAALREFLV,Ubl7,2,626.8965945,623.8896755,9.24,35.75,9402,9403,449.7,2248.6,1,11.39,1,0,0,0,0,0,3.2,0,0,5.9,2.3,0,-100,-100,-100,-100,-100,0.577453226,-100,-100,-0.373250111,-0.872402507,-100
1,VAALREFLV,Ubl7,2,626.8965945,623.8896755,9.12,35.74,9398,,177.7,,,,0,,,,,,,,,,,,,,,,,,,,,,
1,VAALREFLV,Ubl7,2,626.8965945,623.8896755,8.97,35.81,9407,,900,,,,0,,,,,,,,,,,,,,,,,,,,,,
1,VAALREFLV,Ubl7,2,626.8965945,623.8896755,8.04,35.85,9413,,900,,,,0,,,,,,,,,,,,,,,,,,,,,,
1,VAALREFLV,Ubl7,2,626.8965945,623.8896755,7.68,35.9,9418,,442.6,,,,0,,,,,,,,,,,,,,,,,,,,,,
1,VAALREFLV,Ubl7,2,626.8965945,623.8896755,7.45,35.93,9423,9425,900,2500,1,13.09,0.18,0,0,0,0,0,3,0,0,6.6,3.4,0,-100,-100,-100,-100,-100,0.104794182,-100,-100,-1.076738137,-0.872402507,-100
1,VAALREFLV,Ubl7,2,626.8965945,623.8896755,7.21,36.01,9428,,556.4,,,,0,,,,,,,,,,,,,,,,,,,,,,
1,VAALREFLV,Ubl7,2,626.8965945,623.8896755,6.8,36.03,9432,9434,900,2500,2,29.69,0.55,0,0,0,0,0,5.1,0,0,17.8,6.7,0,-100,-100,-100,-100,-100,-2.494830561,-100,-100,-0.490498115,-0.057906479,-100
1,VAALREFLV,Ubl7,2,626.8965945,623.8896755,6.78,36.11,9438,,900,,,,0,,,,,,,,,,,,,,,,,,,,,,
1,VAALREFLV,Ubl7,2,626.8965945,623.8896755,6.63,37.07,9739,,900,,,,0,,,,,,,,,,,,,,,,,,,,,,
1,VAALREFLV,Ubl7,2,626.8965945,623.8896755,6.63,37.1,9743,,900,,,,0,,,,,,,,,,,,,,,,,,,,,,
1,VAALREFLV,Ubl7,2,626.8965945,623.8896755,6.37,36.15,9443,,138.8,,,,0,,,,,,,,,,,,,,,,,,,,,,
1,VAALREFLV,Ubl7,2,626.8965945,623.8896755,6.34,37.04,9733,,900,,,,0,,,,,,,,,,,,,,,,,,,,,,
1,SAM*AMFGYM,Zbtb8os_OX1,2,630.2888572,627.2819382,7.35,33.07,8794,,900,,,,0,,,,,,,,,,,,,,,,,,,,,,
1,SAM*AMFGYM,Zbtb8os_OX1,2,630.2888572,627.2819382,7.35,33.05,8793,,900,,,,0,,,,,,,,,,,,,,,,,,,,,,
1,SAM*AMFGYM,Zbtb8os_OX1,2,630.2888572,627.2819382,6.74,33.85,8959,,64.6,,,,0,,,,,,,,,,,,,,,,,,,,,,
1,SAM*AMFGYM,Zbtb8os_OX1,2,630.2888572,627.2819382,6.74,33.85,8958,,64.6,,,,0,,,,,,,,,,,,,,,,,,,,,,
1,SAMAMFGYM*,Zbtb8os_OX3,2,630.2888572,627.2819382,7.35,33.07,8794,,900,,,,0,,,,,,,,,,,,,,,,,,,,,,
1,SAMAMFGYM*,Zbtb8os_OX3,2,630.2888572,627.2819382,7.35,33.05,8793,,900,,,,0,,,,,,,,,,,,,,,,,,,,,,
1,SAMAMFGYM*,Zbtb8os_OX3,2,630.2888572,627.2819382,6.74,33.85,8959,,64.6,,,,0,,,,,,,,,,,,,,,,,,,,,,
1,SAMAMFGYM*,Zbtb8os_OX3,2,630.2888572,627.2819382,6.74,33.85,8958,,64.6,,,,0,,,,,,,,,,,,,,,,,,,,,,
1,SAMAM*FGYM,Zbtb8os_OX2,2,630.2888572,627.2819382,7.35,33.07,8794,,900,,,,0,,,,,,,,,,,,,,,,,,,,,,
1,SAMAM*FGYM,Zbtb8os_OX2,2,630.2888572,627.2819382,7.35,33.05,8793,,900,,,,0,,,,,,,,,,,,,,,,,,,,,,
1,SAMAM*FGYM,Zbtb8os_OX2,2,630.2888572,627.2819382,6.74,33.85,8959,,64.6,,,,0,,,,,,,,,,,,,,,,,,,,,,
1,SAMAM*FGYM,Zbtb8os_OX2,2,630.2888572,627.2819382,6.74,33.85,8958,,64.6,,,,0,,,,,,,,,,,,,,,,,,,,,,
1,SLLEHMSLL,Zbtb24,2,639.3720951,636.3651761,8.65,35.72,9393,,316.4,,,,0,,,,,,,,,,,,,,,,,,,,,,
1,SLLEHMSLL,Zbtb24,2,639.3720951,636.3651761,8.34,35.65,9389,9390,900,2500,1,77.95,0.05,0,5.6,0,0,0,21.5,2,0,35.3,13.5,0,-100,-0.627593829,-100,-100,-100,-0.367864862,-0.471592336,-100,-0.256002107,-0.52333278,-100
1,SLLEHMSLL,Zbtb24,2,639.3720951,636.3651761,7.23,35.74,9399,,386.6,,,,0,,,,,,,,,,,,,,,,,,,,,,
1,SLLEHMSLL,Zbtb24,2,639.3720951,636.3651761,7.16,35.63,9386,,900,,,,0,,,,,,,,,,,,,,,,,,,,,,
1,SLLEHMSLL,Zbtb24,2,639.3720951,636.3651761,7.09,35.83,9408,,900,,,,0,,,,,,,,,,,,,,,,,,,,,,
1,SLLEHMSLL,Zbtb24,2,639.3720951,636.3651761,6.69,35.87,9414,,900,,,,0,,,,,,,,,,,,,,,,,,,,,,
1,SLLEHMSLL,Zbtb24,2,639.3720951,636.3651761,6.48,35.9,9419,,900,,,,0,,,,,,,,,,,,,,,,,,,,,,
1,SLLEHMSLL,Zbtb24,2,639.3720951,636.3651761,6.48,35.54,9369,,900,,,,0,,,,,,,,,,,,,,,,,,,,,,
1,SLLEHMSLL,Zbtb24,2,639.3720951,636.3651761,6.31,35.52,9366,,900,,,,0,,,,,,,,,,,,,,,,,,,,,,
1,SLLEHMSLL,Zbtb24,2,639.3720951,636.3651761,6.2,35.94,9424,,900,,,,0,,,,,,,,,,,,,,,,,,,,,,
1,SLLEHMSLL,Zbtb24,2,639.3720951,636.3651761,6.18,36.04,9433,,900,,,,0,,,,,,,,,,,,,,,,,,,,,,
1,SLLEHMSLL,Zbtb24,2,639.3720951,636.3651761,6.12,36.13,9439,,900,,,,0,,,,,,,,,,,,,,,,,,,,,,
1,SLLEHMSLL,Zbtb24,2,639.3720951,636.3651761,5.79,36.15,9444,,900,,,,0,,,,,,,,,,,,,,,,,,,,,,
1,SLLEHM*SLL,Zbtb24_OX,2,647.3695501,644.3626311,7.96,30.18,8135,8136,176.2,881,1,15.46,0.55,0,2.8,0,0,0,3.3,0,0,5.5,3.9,0,-100,-1.587834088,-100,-100,-100,-0.249700101,-100,-100,-0.373250111,-1.221472233,-100
1,SLLEHM*SLL,Zbtb24_OX,2,647.3695501,644.3626311,7.89,30.14,8131,8132,268.7,1343.6,1,36.09,0.3,0,5.8,0,0,0,7,0,0,11.5,11.7,0,-100,0.03257135,-100,-100,-100,-0.722359145,-100,-100,-0.842242128,-0.52333278,-100
1,SLLEHM*SLL,Zbtb24_OX,2,647.3695501,644.3626311,7.7,30.12,8128,,785.6,,,,0,,,,,,,,,,,,,,,,,,,,,,
1,SLLEHM*SLL,Zbtb24_OX,2,647.3695501,644.3626311,6.73,30.21,8139,,211.5,,,,0,,,,,,,,,,,,,,,,,,,,,,
1,LNQLYELAL,Xab2,2,656.3913419,653.3844229,8.26,41.22,10599,,900,,,,0,,,,,,,,,,,,,,,,,,,,,,
1,LNQLYELAL,Xab2,2,656.3913419,653.3844229,8.11,41.2,10596,,900,,,,0,,,,,,,,,,,,,,,,,,,,,,
1,LNQLYELAL,Xab2,2,656.3913419,653.3844229,7.95,41.13,10592,10593,900,2500,1,4.53,1,4.5,0,0,0,0,0,0,0,0,0,0,-1.562369459,-100,-100,-100,-100,-100,-100,-100,-100,-100,-100
1,LNQLYELAL,Xab2,2,656.3913419,653.3844229,7.64,41.25,10602,10603,900,2500,3,16.73,0.07,2.1,2,0,0,0,7.5,0,0,5.2,0,0,3.881679483,-1.647849104,-100,-100,-100,-0.13153534,-100,-100,-0.256002107,-100,-100
1,LNQLYELAL,Xab2,2,656.3913419,653.3844229,7.41,41.31,10606,10607,653,2500,1,28.11,0.05,0,7,0,0,0,9.7,0,0,5.2,6.3,0,-100,-0.267503731,-100,-100,-100,-0.486029623,-100,-100,-0.842242128,0.291163247,-100
1,LNQLYELAL,Xab2,2,656.3913419,653.3844229,7.13,41.4,10614,,900,,,,0,,,,,,,,,,,,,,,,,,,,,,
1,LNQLYELAL,Xab2,2,656.3913419,653.3844229,6.99,41.38,10611,,900,,,,0,,,,,,,,,,,,,,,,,,,,,,
1,LNQLYELAL,Xab2,2,656.3913419,653.3844229,6.9,41.49,10621,,900,,,,0,,,,,,,,,,,,,,,,,,,,,,
1,LNQLYELAL,Xab2,2,656.3913419,653.3844229,6.85,41.42,10617,10618,900,2500,1,16.24,0.03,0,2.7,0,0,0,10.4,0,0,0,3.2,0,-100,-1.407789039,-100,-100,-100,-0.13153534,-100,-100,-100,-1.105115657,-100
1,LNQLYELAL,Xab2,2,656.3913419,653.3844229,6.31,41.52,10624,,900,,,,0,,,,,,,,,,,,,,,,,,,,,,
1,LNQLYELAL,Xab2,2,656.3913419,653.3844229,6.22,41.54,10627,,900,,,,0,,,,,,,,,,,,,,,,,,,,,,
1,LNQLYELAL,Xab2,2,656.3913419,653.3844229,6.11,41.56,10630,,900,,,,0,,,,,,,,,,,,,,,,,,,,,,
1,LNQLYELAL,Xab2,2,656.3913419,653.3844229,6.06,41.59,10633,10634,900,2500,1,17.45,0.03,0,5.8,0,0,0,6.5,0,0,5.1,0,0,-100,0.212616398,-100,-100,-100,-0.722359145,-100,-100,-0.256002107,-100,-100
1,IMTQHLEPI,Tmem161a,2,658.8775446,655.8706256,8.5,29.12,7882,,88.5,,,,0,,,,,,,,,,,,,,,,,,,,,,
1,IMTQHLEPI,Tmem161a,2,658.8775446,655.8706256,7.57,29.05,7878,7879,900,2500,2,79.19,0.03,0,15,0,2.9,0,17.2,0,2.5,22.6,18.9,0,-100,-0.687608845,-100,-0.109669591,-100,-0.722359145,-100,-0.739332403,-0.724994124,-0.52333278,-100
1,IMTQHLEPI,Tmem161a,2,658.8775446,655.8706256,7.41,29.46,7996,,150.2,,,,0,,,,,,,,,,,,,,,,,,,,,,
1,IMTQHLEPI,Tmem161a,2,658.8775446,655.8706256,7.38,29.14,7888,,46.8,,,,0,,,,,,,,,,,,,,,,,,,,,,
1,IMTQHLEPI,Tmem161a,2,658.8775446,655.8706256,7.35,29.13,7885,,144,,,,0,,,,,,,,,,,,,,,,,,,,,,
1,IMTQHLEPI,Tmem161a,2,658.8775446,655.8706256,7.29,29.15,7891,,45,,,,0,,,,,,,,,,,,,,,,,,,,,,
1,IMTQHLEPI,Tmem161a,2,658.8775446,655.8706256,7.21,29.42,7992,7993,318.9,1594.5,1,58.4,0.02,0,13,0,2,0,16.5,0,0,15.9,10.9,0,-100,-0.507563796,-100,-0.347849777,-100,-0.604194384,-100,-100,-0.490498115,-0.52333278,-100
1,IMTQHLEPI,Tmem161a,2,658.8775446,655.8706256,7.19,29.16,7894,,69.8,,,,0,,,,,,,,,,,,,,,,,,,,,,
1,IMTQHLEPI,Tmem161a,2,658.8775446,655.8706256,7.09,29.41,7989,,101.8,,,,0,,,,,,,,,,,,,,,,,,,,,,
1,IMTQHLEPI,Tmem161a,2,658.8775446,655.8706256,7.01,29.02,7871,,3,,,,0,,,,,,,,,,,,,,,,,,,,,,
1,IMTQHLEPI,Tmem161a,2,658.8775446,655.8706256,7,29.03,7874,,900,,,,0,,,,,,,,,,,,,,,,,,,,,,
1,IMTQHLEPI,Tmem161a,2,658.8775446,655.8706256,6.99,29.01,7868,,2.5,,,,0,,,,,,,,,,,,,,,,,,,,,,
1,IMTQHLEPI,Tmem161a,2,658.8775446,655.8706256,6.85,29.47,7999,,344.4,,,,0,,,,,,,,,,,,,,,,,,,,,,
1,IMTQHLEPI,Tmem161a,2,658.8775446,655.8706256,6.6,29.23,7929,,399.4,,,,0,,,,,,,,,,,,,,,,,,,,,,
1,LMLENYNNL,Zfp759,2,679.8646342,676.8577152,8.34,35.26,9323,9324,900,2500,1,46.83,0.26,0,4.6,0,0,0,14.5,0,2.5,18.9,6.3,0,-100,-0.747623861,-100,-100,-100,-0.249700101,-100,-0.739332403,-0.490498115,0.058450097,-100
1,LMLENYNNL,Zfp759,2,679.8646342,676.8577152,8.06,35.19,9318,9319,900,2500,1,49,0.19,0,4,0,0,0,12.5,0,0,22.1,10.4,0,-100,-0.147473699,-100,-100,-100,-0.249700101,-100,-100,-0.60774612,-0.52333278,-100
1,LMLENYNNL,Zfp759,2,679.8646342,676.8577152,7.52,35.18,9314,,125.6,,,,0,,,,,,,,,,,,,,,,,,,,,,
1,LMLENYNNL,Zfp759,2,679.8646342,676.8577152,7.28,35.33,9328,,900,,,,0,,,,,,,,,,,,,,,,,,,,,,
1,LMLENYNNL,Zfp759,2,679.8646342,676.8577152,7.26,35.16,9310,,356.7,,,,0,,,,,,,,,,,,,,,,,,,,,,
1,LMLENYNNL,Zfp759,2,679.8646342,676.8577152,6.77,35.37,9336,,900,,,,0,,,,,,,,,,,,,,,,,,,,,,
1,LMLENYNNL,Zfp759,2,679.8646342,676.8577152,6.77,35.36,9333,,163.8,,,,0,,,,,,,,,,,,,,,,,,,,,,
1,LMLENYNNL,Zfp759,2,679.8646342,676.8577152,6.46,35.45,9359,9360,900,2500,1,35.03,0.43,0,2.4,0,0,0,8.3,0,0,18.9,5.4,0,-100,-1.107713958,-100,-100,-100,-0.367864862,-100,-100,-0.842242128,-2.385037987,-100
1,LMLENYNNL,Zfp759,2,679.8646342,676.8577152,6.16,35.61,9383,,549.7,,,,0,,,,,,,,,,,,,,,,,,,,,,
1,LMLENYNNL,Zfp759,2,679.8646342,676.8577152,5.85,35.6,9380,,304,,,,0,,,,,,,,,,,,,,,,,,,,,,
1,SNFHFMCAL,Wbp7,2,681.3324453,678.3255263,8.29,31.47,8503,8504,213.5,1067.4,1,91.75,0.01,0,22.1,0,0,0,24.1,0,0,26.5,17.1,2,-100,-0.147473699,-100,-100,-100,-0.486029623,-100,-100,-0.60774612,-0.52333278,-0.944017746
1,SNFHFMCAL,Wbp7,2,681.3324453,678.3255263,8.15,31.5,8507,,900,,,,0,,,,,,,,,,,,,,,,,,,,,,
1,SNFHFMCAL,Wbp7,2,681.3324453,678.3255263,7.88,31.52,8510,8511,167.1,835.4,1,73.3,0.02,0,19.4,0,0,0,21.1,0,0,21.3,11.6,0,-100,-0.627593829,-100,-100,-100,-0.604194384,-100,-100,-0.490498115,-0.29061963,-100
1,SNFHFMCAL,Wbp7,2,681.3324453,678.3255263,7.57,31.55,8514,8515,281.7,1408.3,1,103.11,0.01,0,30.3,0,0,0,30.4,0,0,26.1,16.3,0,-100,-0.387533764,-100,-100,-100,-0.367864862,-100,-100,-0.490498115,-0.639689356,-100
1,SNFHFMCAL,Wbp7,2,681.3324453,678.3255263,7.52,31.59,8518,,562.5,,,,0,,,,,,,,,,,,,,,,,,,,,,
1,SNFHFMCAL,Wbp7,2,681.3324453,678.3255263,7.21,31.68,8537,,226.4,,,,0,,,,,,,,,,,,,,,,,,,,,,
1,SNFHFMCAL,Wbp7,2,681.3324453,678.3255263,7.21,31.61,8521,,342.8,,,,0,,,,,,,,,,,,,,,,,,,,,,
1,SNFHFMCAL,Wbp7,2,681.3324453,678.3255263,7.15,31.4,8499,8500,900,2500,3,183.4,0.11,0,33.5,0,2.3,0,57.1,2.6,7.5,48.8,29.5,2.1,-100,-0.807638877,-100,-0.824210151,-100,-0.840523906,1.18263337,-0.38757131,-0.842242128,-0.639689356,-0.362262919
1,SNFHFMCAL,Wbp7,2,681.3324453,678.3255263,7.1,31.65,8528,,352.3,,,,0,,,,,,,,,,,,,,,,,,,,,,
1,SNFHFMCAL,Wbp7,2,681.3324453,678.3255263,7.05,31.62,8525,,900,,,,0,,,,,,,,,,,,,,,,,,,,,,
1,SNFHFMCAL,Wbp7,2,681.3324453,678.3255263,6.98,31.37,8496,,900,,,,0,,,,,,,,,,,,,,,,,,,,,,
1,SNFHFMCAL,Wbp7,2,681.3324453,678.3255263,6.96,31.7,8541,,900,,,,0,,,,,,,,,,,,,,,,,,,,,,
1,SNFHFMCAL,Wbp7,2,681.3324453,678.3255263,6.73,31.72,8544,,828.9,,,,0,,,,,,,,,,,,,,,,,,,,,,
1,RGFM*WLPGF,Zfp597_OX,2,681.3671448,678.3602258,7.78,36.39,9492,,257,,,,0,,,,,,,,,,,,,,,,,,,,,,
1,RGFM*WLPGF,Zfp597_OX,2,681.3671448,678.3602258,7.41,36.4,9495,,613.5,,,,0,,,,,,,,,,,,,,,,,,,,,,
1,RGFM*WLPGF,Zfp597_OX,2,681.3671448,678.3602258,7.27,36.42,9498,,240.5,,,,0,,,,,,,,,,,,,,,,,,,,,,
1,RGFM*WLPGF,Zfp597_OX,2,681.3671448,678.3602258,6.87,36.44,9504,9505,152.5,762.5,1,15.39,0.04,0,0,0,0,0,5.7,0,0,7.3,2.5,0,-100,-100,-100,-100,-100,-0.958688667,-100,-100,0.095741906,-0.29061963,-100
1,RGFM*WLPGF,Zfp597_OX,2,681.3671448,678.3602258,6.71,36.37,9489,,724.9,,,,0,,,,,,,,,,,,,,,,,,,,,,
1,RGFM*WLPGF,Zfp597_OX,2,681.3671448,678.3602258,6.64,36.47,9508,,900,,,,0,,,,,,,,,,,,,,,,,,,,,,
1,RGFM*WLPGF,Zfp597_OX,2,681.3671448,678.3602258,6.58,36.49,9511,,900,,,,0,,,,,,,,,,,,,,,,,,,,,,
1,RGFM*WLPGF,Zfp597_OX,2,681.3671448,678.3602258,6.37,37.52,9874,,319.8,,,,0,,,,,,,,,,,,,,,,,,,,,,
1,RGFM*WLPGF,Zfp597_OX,2,681.3671448,678.3602258,6.34,37.5,9869,,209.5,,,,0,,,,,,,,,,,,,,,,,,,,,,
1,RGFM*WLPGF,Zfp597_OX,2,681.3671448,678.3602258,6.27,37.25,9804,,768.6,,,,0,,,,,,,,,,,,,,,,,,,,,,
1,RGFM*WLPGF,Zfp597_OX,2,681.3671448,678.3602258,6.23,37.28,9809,,900,,,,0,,,,,,,,,,,,,,,,,,,,,,
1,RGFM*WLPGF,Zfp597_OX,2,681.3671448,678.3602258,6.16,36.52,9518,,900,,,,0,,,,,,,,,,,,,,,,,,,,,,
1,RGFM*WLPGF,Zfp597_OX,2,681.3671448,678.3602258,6.09,36.3,9484,9485,845,2500,1,42.32,0.02,0,3.8,0,0,0,13,0,0,18.3,7.3,0,-100,-0.687608845,-100,-100,-100,-0.249700101,-100,-100,-0.724994124,-0.174263054,-100
1,RGFM*WLPGF,Zfp597_OX,2,681.3671448,678.3602258,5.83,36.59,9542,,465.9,,,,0,,,,,,,,,,,,,,,,,,,,,,
1,RGFM*WLPGF,Zfp597_OX,2,681.3671448,678.3602258,5.57,37.45,9863,9864,351,1754.9,1,28.68,0.06,0,2.7,0,0,0,7.8,0,2.3,9.8,6.1,0,-100,-1.70786412,-100,-100,-100,-0.249700101,-100,-0.153063915,-0.490498115,-0.872402507,-100
1,LM*LENYNNL,Zfp759_OX,2,687.8620892,684.8551702,7.98,32.58,8701,,165,,,,0,,,,,,,,,,,,,,,,,,,,,,
1,LM*LENYNNL,Zfp759_OX,2,687.8620892,684.8551702,7.78,32.59,8704,8705,158.8,794.1,1,18.06,1,0,4,0,0,0,7.7,0,0,6.3,0,0,-100,-0.747623861,-100,-100,-100,-1.19501819,-100,-100,-2.131970176,-100,-100
1,LM*LENYNNL,Zfp759_OX,2,687.8620892,684.8551702,7.75,32.55,8697,8698,208.8,1043.9,1,44.67,0.01,0,11.7,0,0,0,10.4,0,0,15,7.5,0,-100,-0.747623861,-100,-100,-100,-0.604194384,-100,-100,-0.490498115,-0.52333278,-100
1,LM*LENYNNL,Zfp759_OX,2,687.8620892,684.8551702,7.55,32.62,8708,8709,166.4,831.9,1,5.56,1,0,0,0,0,0,0,0,0,2.8,2.8,0,-100,-100,-100,-100,-100,-100,-100,-100,-0.021506098,-0.756045931,-100
1,LM*LENYNNL,Zfp759_OX,2,687.8620892,684.8551702,7.32,32.53,8694,,269.5,,,,0,,,,,,,,,,,,,,,,,,,,,,
1,LM*LENYNNL,Zfp759_OX,2,687.8620892,684.8551702,7.31,32.52,8691,,103.6,,,,0,,,,,,,,,,,,,,,,,,,,,,
1,LM*LENYNNL,Zfp759_OX,2,687.8620892,684.8551702,6.83,32.64,8712,8713,900,2500,2,8.75,0.05,0,0,0,0,0,2.4,0,0,3.3,3,0,-100,-100,-100,-100,-100,-0.486029623,-100,-100,-1.311234145,-0.52333278,-100
1,SNFHFM*CAL,Wbp7_OX,2,689.3299003,686.3229813,7.68,27.92,7534,7535,555.9,2500,1,30.05,0.01,0,9.9,0,0,0,7.7,0,0,6.3,6.2,0,-100,-0.267503731,-100,-100,-100,0.104794182,-100,-100,-0.60774612,-0.52333278,-100
1,SNFHFM*CAL,Wbp7_OX,2,689.3299003,686.3229813,7.48,27.78,7526,7527,900,2500,2,105.25,0.02,2.9,19.4,0,2.5,0,32,0,0,23.7,24.7,0,-0.473559671,-0.207488715,-100,-0.347849777,-100,-0.604194384,-100,-100,-0.724994124,-0.29061963,-100
1,SNFHFM*CAL,Wbp7_OX,2,689.3299003,686.3229813,7.3,27.85,7530,7531,900,2500,1,18.39,0.23,0,4.7,0,0,0,5.3,0,0,3.7,4.7,0,-100,-1.347774023,-100,-100,-100,-0.604194384,-100,-100,-0.60774612,-0.52333278,-100
1,SNFHFM*CAL,Wbp7_OX,2,689.3299003,686.3229813,7.11,27.71,7522,7523,900,2500,1,58.19,0.01,0,13.1,0,0,0,15.5,0,0,14.7,14.9,0,-100,-0.147473699,-100,-100,-100,-0.013370579,-100,-100,-0.724994124,-0.174263054,-100
1,VVFNHFYNI,Tnc,2,694.3838513,691.3769323,8.5,32.82,8751,8752,900,2500,1,0,0.04,0,0,0,0,0,0,0,0,0,0,0,-100,-100,-100,-100,-100,-100,-100,-100,-100,-100,-100
1,VVFNHFYNI,Tnc,2,694.3838513,691.3769323,8.49,32.88,8755,,102.8,,,,0,,,,,,,,,,,,,,,,,,,,,,
1,VVFNHFYNI,Tnc,2,694.3838513,691.3769323,7.91,32.81,8748,,123.9,,,,0,,,,,,,,,,,,,,,,,,,,,,
1,VVFNHFYNI,Tnc,2,694.3838513,691.3769323,7.88,32.79,8745,,508.7,,,,0,,,,,,,,,,,,,,,,,,,,,,
1,VVFNHFYNI,Tnc,2,694.3838513,691.3769323,7.38,32.9,8759,,233.5,,,,0,,,,,,,,,,,,,,,,,,,,,,
1,VVFNHFYNI,Tnc,2,694.3838513,691.3769323,7.16,32.96,8768,,249.6,,,,0,,,,,,,,,,,,,,,,,,,,,,
1,VVFNHFYNI,Tnc,2,694.3838513,691.3769323,7.11,32.91,8762,,900,,,,0,,,,,,,,,,,,,,,,,,,,,,
1,FALM*NLKAL,Tmem135_OX,2,753.9733882,747.9595502,7.61,34.88,9245,,177.7,,,,0,,,,,,,,,,,,,,,,,,,,,,
1,FALM*NLKAL,Tmem135_OX,2,753.9733882,747.9595502,7.43,34.67,9194,9195,245.4,1227.2,1,22.12,0.13,0,3,0,0,0,6.9,0,0,9.4,2.8,0,-100,-0.267503731,-100,-100,-100,-0.958688667,-100,-100,-0.490498115,-0.872402507,-100
1,FALM*NLKAL,Tmem135_OX,2,753.9733882,747.9595502,7.38,34.89,9248,9249,685.6,2500,1,4.5,0.04,0,0,0,0,0,2.1,0,0,2.4,0,0,-100,-100,-100,-100,-100,0.577453226,-100,-100,-0.724994124,-100,-100
1,FALM*NLKAL,Tmem135_OX,2,753.9733882,747.9595502,7.34,34.86,9241,,138.5,,,,0,,,,,,,,,,,,,,,,,,,,,,
2,VSPQHRPV,Wdr74,3,385.5673828,383.5627701,8.33,17.85,4777,,501.7,,,,0,,,,,,,,,,,,,,,,,,,,,,
2,VSPQHRPV,Wdr74,3,385.5673828,383.5627701,7.24,17.79,4773,4774,494.7,2473.5,3,210.91,0.19,0,42.9,0,0,0,31.6,3.9,6.9,57.1,68.5,0,-100,0.152601382,-100,-100,-100,0.104794182,0.355520517,0.08144348,0.095741906,0.174806672,-100
2,VSPQHRPV,Wdr74,3,385.5673828,383.5627701,6.38,17.73,4769,4770,900,2500,1,46.8,0.18,10.9,7.6,0,0,0,8.9,0,9.8,4.8,4.7,0,0.131334656,-0.027443667,-100,-100,-100,-0.249700101,-100,-0.38757131,-0.373250111,-0.639689356,-100
2,VSPQHRPV,Wdr74,3,385.5673828,383.5627701,6.23,17.7,4766,,900,,,,0,,,,,,,,,,,,,,,,,,,,,,
2,VSPQHRPV,Wdr74,3,385.5673828,383.5627701,6.08,17.96,4803,,197.8,,,,0,,,,,,,,,,,,,,,,,,,,,,
2,VSPQHRPV,Wdr74,3,385.5673828,383.5627701,5.83,17.98,4809,,118.8,,,,0,,,,,,,,,,,,,,,,,,,,,,
2,M*GVMNRRPI,Trp53_OX1,3,442.2522996,440.247687,8.02,20.01,5356,,900,,,,0,,,,,,,,,,,,,,,,,,,,,,
2,M*GVMNRRPI,Trp53_OX1,3,442.2522996,440.247687,8.02,19.99,5355,,900,,,,0,,,,,,,,,,,,,,,,,,,,,,
2,M*GVMNRRPI,Trp53_OX1,3,442.2522996,440.247687,7.5,19.97,5351,,900,,,,0,,,,,,,,,,,,,,,,,,,,,,
2,M*GVMNRRPI,Trp53_OX1,3,442.2522996,440.247687,7.5,19.95,5350,,900,,,,0,,,,,,,,,,,,,,,,,,,,,,
2,M*GVMNRRPI,Trp53_OX1,3,442.2522996,440.247687,7.28,19.88,5345,5346,900,2500,1,16.98,1,0,2.2,0,0,0,5.4,0,0,4.3,5.1,0,-100,0.512691479,-100,-100,-100,-0.958688667,-100,-100,-0.138754102,-0.52333278,-100
2,M*GVMNRRPI,Trp53_OX1,3,442.2522996,440.247687,7.28,19.87,5344,,900,,,,0,,,,,,,,,,,,,,,,,,,,,,
2,MGVM*NRRPI,Trp53_OX2,3,442.2522996,440.247687,8.02,20.01,5356,,900,,,,0,,,,,,,,,,,,,,,,,,,,,,
2,MGVM*NRRPI,Trp53_OX2,3,442.2522996,440.247687,8.02,19.99,5355,,900,,,,0,,,,,,,,,,,,,,,,,,,,,,
2,MGVM*NRRPI,Trp53_OX2,3,442.2522996,440.247687,7.5,19.97,5351,,900,,,,0,,,,,,,,,,,,,,,,,,,,,,
2,MGVM*NRRPI,Trp53_OX2,3,442.2522996,440.247687,7.5,19.95,5350,,900,,,,0,,,,,,,,,,,,,,,,,,,,,,
2,MGVM*NRRPI,Trp53_OX2,3,442.2522996,440.247687,7.28,19.88,5345,5346,900,2500,1,16.98,1,0,2.2,0,0,0,5.4,0,0,4.3,5.1,0,-100,0.512691479,-100,-100,-100,-0.958688667,-100,-100,-0.138754102,-0.52333278,-100
2,MGVM*NRRPI,Trp53_OX2,3,442.2522996,440.247687,7.28,19.87,5344,,900,,,,0,,,,,,,,,,,,,,,,,,,,,,
2,AVIGYSLL,Yipf4_2,2,535.838214,532.831295,8.35,37.69,9915,9917,900,2500,1,9.63,0.02,0,2,0,0,0,3.8,0,0,3.8,0,0,-100,3.333397241,-100,-100,-100,-1.076853429,-100,-100,-0.490498115,-100,-100
2,AVIGYSLL,Yipf4_2,2,535.838214,532.831295,8.25,37.62,9909,9911,900,2500,2,38.43,0.14,0,0,0,0,0,12.8,0,0,17.3,8.4,0,-100,-100,-100,-100,-100,-0.367864862,-100,-100,-0.373250111,-0.174263054,-100
2,AVIGYSLL,Yipf4_2,2,535.838214,532.831295,7.51,37.81,9922,,900,,,,0,,,,,,,,,,,,,,,,,,,,,,
2,AVIGYSLL,Yipf4_2,2,535.838214,532.831295,7.04,37.56,9904,9905,696.5,2500,2,25.96,0.03,5.5,0,0,0,0,2.9,0,8.4,4.9,4.3,0,-1.259922296,-100,-100,-100,-100,1.050112271,-100,0.433204573,0.447485919,0.872946124,-100
2,AVIGYSLL,Yipf4_2,2,535.838214,532.831295,6.93,37.53,9901,,900,,,,0,,,,,,,,,,,,,,,,,,,,,,
2,AVIGYSLL,Yipf4_2,2,535.838214,532.831295,5.94,38.05,9944,,900,,,,0,,,,,,,,,,,,,,,,,,,,,,
2,AVIGYSLL,Yipf4_2,2,535.838214,532.831295,5.8,38.01,9938,,900,,,,0,,,,,,,,,,,,,,,,,,,,,,
2,AVIGYSLL,Yipf4_2,2,535.838214,532.831295,5.8,39.13,10180,,900,,,,0,,,,,,,,,,,,,,,,,,,,,,
2,AVIGYSLL,Yipf4_2,2,535.838214,532.831295,5.69,39.15,10184,,900,,,,0,,,,,,,,,,,,,,,,,,,,,,
2,AVIGYSLL,Yipf4_2,2,535.838214,532.831295,5.28,39.1,10174,,900,,,,0,,,,,,,,,,,,,,,,,,,,,,
2,SVAGFNPAL,Tor1aip2,2,555.8230952,552.8161762,9.16,31.67,8495,8496,172.1,860.3,2,31.89,0.1,5.3,5.8,0,0,0,6.6,0,3.8,5.5,4.9,0,-0.050133642,-0.387533764,-100,-100,-100,0.695617987,-100,-0.622078705,-1.076738137,-1.105115657,-100
2,SVAGFNPAL,Tor1aip2,2,555.8230952,552.8161762,8.82,31.62,8490,8491,364,1820.2,2,145.27,0.77,43.2,13.6,0,0,6,13.1,0,47.6,12,7.9,1.8,0.252313522,0.392661447,-100,-100,-0.214222033,0.341123704,-100,0.08144348,0.330237915,0.291163247,-0.013210023
2,SVAGFNPAL,Tor1aip2,2,555.8230952,552.8161762,8.69,31.7,8500,,900,,,,0,,,,,,,,,,,,,,,,,,,,,,
2,SVAGFNPAL,Tor1aip2,2,555.8230952,552.8161762,8.1,31.72,8504,,234.6,,,,0,,,,,,,,,,,,,,,,,,,,,,
2,SVAGFNPAL,Tor1aip2,2,555.8230952,552.8161762,7.97,31.79,8518,8519,900,2500,2,124.3,0.16,0,21.6,0,2.2,0,35.1,0,0,32,33.5,0,-100,0.212616398,-100,-0.109669591,-100,0.104794182,-100,-100,-0.021506098,0.174806672,-100
2,SVAGFNPAL,Tor1aip2,2,555.8230952,552.8161762,7.92,31.75,8512,,765.8,,,,0,,,,,,,,,,,,,,,,,,,,,,
2,SVAGFNPAL,Tor1aip2,2,555.8230952,552.8161762,7.92,31.73,8508,,345.3,,,,0,,,,,,,,,,,,,,,,,,,,,,
2,SVAGFNPAL,Tor1aip2,2,555.8230952,552.8161762,7.6,31.86,8523,8524,465.8,2329.2,1,13.16,1,0,2.3,0,0,0,2.2,0,0,4.2,4.5,0,-100,1.232871674,-100,-100,-100,-0.367864862,-100,-100,-0.256002107,-1.570541959,-100
2,SVAGFNPAL,Tor1aip2,2,555.8230952,552.8161762,7.06,31.92,8528,,465.3,,,,0,,,,,,,,,,,,,,,,,,,,,,
2,SVAGFNPAL,Tor1aip2,2,555.8230952,552.8161762,7.06,32.55,8707,,900,,,,0,,,,,,,,,,,,,,,,,,,,,,
2,SVAGFNPAL,Tor1aip2,2,555.8230952,552.8161762,6.32,31.94,8532,,900,,,,0,,,,,,,,,,,,,,,,,,,,,,
2,SAWVPFGGL,Tmem198b,2,584.8334629,581.8265439,8.73,40.11,10460,10461,900,2500,2,15.91,0.6,5.4,2.3,0,0,0,2.6,0,5.6,0,0,0,-0.352580805,-1.227743991,-100,-100,-100,0.813782749,-100,-0.270317612,-100,-100,-100
2,SAWVPFGGL,Tmem198b,2,584.8334629,581.8265439,8.24,40.17,10464,10465,900,2500,2,2.57,0.28,2.6,0,0,0,0,0,0,0,0,0,0,-1.380901161,-100,-100,-100,-100,-100,-100,-100,-100,-100,-100
2,SAWVPFGGL,Tmem198b,2,584.8334629,581.8265439,7.28,40.24,10468,10469,900,2500,2,3.35,0.21,0,0,0,0,0,0,0,3.3,0,0,0,-100,-100,-100,-100,-100,-100,-100,0.550458271,-100,-100,-100
2,SAWVPFGGL,Tmem198b,2,584.8334629,581.8265439,6.96,40.31,10472,10473,900,2500,1,0,0.16,0,0,0,0,0,0,0,0,0,0,0,-100,-100,-100,-100,-100,-100,-100,-100,-100,-100,-100
2,SAWVPFGGL,Tmem198b,2,584.8334629,581.8265439,6.65,40.38,10477,10478,900,2500,1,0,0.6,0,0,0,0,0,0,0,0,0,0,0,-100,-100,-100,-100,-100,-100,-100,-100,-100,-100,-100
2,SAWVPFGGL,Tmem198b,2,584.8334629,581.8265439,6.44,40.45,10481,,900,,,,0,,,,,,,,,,,,,,,,,,,,,,
2,SAWVPFGGL,Tmem198b,2,584.8334629,581.8265439,6.42,40.58,10495,,900,,,,0,,,,,,,,,,,,,,,,,,,,,,
2,SAWVPFGGL,Tmem198b,2,584.8334629,581.8265439,6.28,40.56,10492,,750,,,,0,,,,,,,,,,,,,,,,,,,,,,
2,SAWVPFGGL,Tmem198b,2,584.8334629,581.8265439,6.25,40.47,10485,10486,900,2500,1,3.03,0.2,0,0,0,0,0,3,0,0,0,0,0,-100,-100,-100,-100,-100,1.168277032,-100,-100,-100,-100,-100
2,SAWVPFGGL,Tmem198b,2,584.8334629,581.8265439,6.15,40.61,10498,,900,,,,0,,,,,,,,,,,,,,,,,,,,,,
2,SAWVPFGGL,Tmem198b,2,584.8334629,581.8265439,6.11,40.54,10489,,900,,,,0,,,,,,,,,,,,,,,,,,,,,,
2,SAWVPFGGL,Tmem198b,2,584.8334629,581.8265439,5.81,40.63,10501,10502,900,2500,1,0,0.42,0,0,0,0,0,0,0,0,0,0,0,-100,-100,-100,-100,-100,-100,-100,-100,-100,-100,-100
2,SAWVPFGGL,Tmem198b,2,584.8334629,581.8265439,5.7,40.7,10506,10507,900,2500,1,0,0.87,0,0,0,0,0,0,0,0,0,0,0,-100,-100,-100,-100,-100,-100,-100,-100,-100,-100,-100
2,SAWVPFGGL,Tmem198b,2,584.8334629,581.8265439,5.61,40.04,10456,10457,900,2500,3,96.57,0.77,28.2,10.4,0,0,8.5,12.5,0,28,3.6,5.3,0,0.070845224,-0.027443667,-100,-100,-0.214222033,-0.013370579,-100,-0.035810217,1.854461971,-0.639689356,-100
2,SAWVPFGGL,Tmem198b,2,584.8334629,581.8265439,5.55,39.85,10420,,900,,,,0,,,,,,,,,,,,,,,,,,,,,,
2,SAWVPFGGL,Tmem198b,2,584.8334629,581.8265439,5.45,39.97,10452,10453,900,2500,1,0,1,0,0,0,0,0,0,0,0,0,0,0,-100,-100,-100,-100,-100,-100,-100,-100,-100,-100,-100
2,SAWVPFGGL,Tmem198b,2,584.8334629,581.8265439,5.34,40.77,10510,10511,900,2500,1,0,0.08,0,0,0,0,0,0,0,0,0,0,0,-100,-100,-100,-100,-100,-100,-100,-100,-100,-100,-100
2,SAWVPFGGL,Tmem198b,2,584.8334629,581.8265439,5.26,39.82,10417,,900,,,,0,,,,,,,,,,,,,,,,,,,,,,
2,LQFIQSPL,Zc3h7a,2,590.8622204,587.8553014,8.81,37.71,9916,9918,900,2500,2,8.93,0.79,2.5,0,0,0,0,2.9,0,0,3.5,0,0,-0.715517401,-100,-100,-100,-100,-0.840523906,-100,-100,-0.373250111,-100,-100
2,LQFIQSPL,Zc3h7a,2,590.8622204,587.8553014,8.77,37.83,9923,9924,819.2,2500,1,0,0.22,0,0,0,0,0,0,0,0,0,0,0,-100,-100,-100,-100,-100,-100,-100,-100,-100,-100,-100
2,LQFIQSPL,Zc3h7a,2,590.8622204,587.8553014,7.32,37.9,9927,,900,,,,0,,,,,,,,,,,,,,,,,,,,,,
2,LQFIQSPL,Zc3h7a,2,590.8622204,587.8553014,7.28,37.99,9934,,900,,,,0,,,,,,,,,,,,,,,,,,,,,,
2,LQFIQSPL,Zc3h7a,2,590.8622204,587.8553014,7,37.92,9930,9931,900,2500,1,2.04,0.55,0,0,0,0,0,0,0,0,2,0,0,-100,-100,-100,-100,-100,-100,-100,-100,1.033725941,-100,-100
2,LQFIQSPL,Zc3h7a,2,590.8622204,587.8553014,6.66,38.03,9939,,900,,,,0,,,,,,,,,,,,,,,,,,,,,,
2,LQFIQSPL,Zc3h7a,2,590.8622204,587.8553014,6.65,38.07,9945,,569.1,,,,0,,,,,,,,,,,,,,,,,,,,,,
2,LQFIQSPL,Zc3h7a,2,590.8622204,587.8553014,6.56,38.09,9950,,798.9,,,,0,,,,,,,,,,,,,,,,,,,,,,
2,LQFIQSPL,Zc3h7a,2,590.8622204,587.8553014,6.45,38.2,9960,9961,900,2500,1,9.01,0.13,0,0,0,0,0,2.1,0,0,4.1,2.8,0,-100,-100,-100,-100,-100,0.577453226,-100,-100,0.799229932,-0.406976205,-100
2,LQFIQSPL,Zc3h7a,2,590.8622204,587.8553014,6.44,38.14,9956,9957,900,2500,1,7.03,0.04,0,0,0,0,0,2.3,0,0,4.8,0,0,-100,-100,-100,-100,-100,0.104794182,-100,-100,0.212989911,-100,-100
2,LQFIQSPL,Zc3h7a,2,590.8622204,587.8553014,6.4,38.11,9953,,900,,,,0,,,,,,,,,,,,,,,,,,,,,,
2,IGDLRLATL,Wnk4,2,603.8862268,600.8793078,8.37,33.51,8921,,900,,,,0,,,,,,,,,,,,,,,,,,,,,,
2,IGDLRLATL,Wnk4,2,603.8862268,600.8793078,7.58,33.55,8928,8929,900,2500,2,52.95,0,0,11.3,0,0,0,11.7,0,0,21.5,8.4,0,-100,0.212616398,-100,-100,-100,0.104794182,-100,-100,-0.256002107,-0.406976205,-100
2,IGDLRLATL,Wnk4,2,603.8862268,600.8793078,7.51,33.53,8925,,900,,,,0,,,,,,,,,,,,,,,,,,,,,,
2,IGDLRLATL,Wnk4,2,603.8862268,600.8793078,7.48,33.44,8917,8918,799.6,2500,1,0,0.5,0,0,0,0,0,0,0,0,0,0,0,-100,-100,-100,-100,-100,-100,-100,-100,-100,-100,-100
2,IGDLRLATL,Wnk4,2,603.8862268,600.8793078,7.45,33.38,8913,8914,558.9,2500,1,58.47,0.13,14.2,5.3,0,0,3.6,9.5,0,18.6,7.4,0,0,0.494271252,-0.507563796,-100,-100,-0.333306254,0.459288465,-100,0.198697178,0.447485919,-100,-100
2,RALSGLEPF,Vps13d,2,612.8627517,609.8558327,9,29.48,7982,7983,900,2500,1,2.32,1,0,0,0,0,0,0,0,0,2.3,0,0,-100,-100,-100,-100,-100,-100,-100,-100,-1.662978158,-100,-100
2,RALSGLEPF,Vps13d,2,612.8627517,609.8558327,8.39,29.55,7986,,289.2,,,,0,,,,,,,,,,,,,,,,,,,,,,
2,RALSGLEPF,Vps13d,2,612.8627517,609.8558327,8.28,29.44,7978,7979,320.9,1604.7,1,18.4,1,4.7,2.9,0,0,0,2.2,0,6,2.5,0,0,-0.292091373,-0.267503731,-100,-100,-100,0.104794182,-100,-1.442854588,-2.014722171,-100,-100
2,RALSGLEPF,Vps13d,2,612.8627517,609.8558327,8.02,29.41,7974,7975,141.2,705.9,1,4,1,4,0,0,0,0,0,0,0,0,0,0,0.010355791,-100,-100,-100,-100,-100,-100,-100,-100,-100,-100
2,RALSGLEPF,Vps13d,2,612.8627517,609.8558327,7.54,29.6,7993,,430.1,,,,0,,,,,,,,,,,,,,,,,,,,,,
2,RALSGLEPF,Vps13d,2,612.8627517,609.8558327,7.38,29.56,7989,7990,263.2,1315.9,1,21.46,0.21,0,3.2,0,0,0,7.4,0,0,6.8,4.1,0,-100,-0.147473699,-100,-100,-100,-0.249700101,-100,-100,-0.373250111,0.058450097,-100
2,RALSGLEPF,Vps13d,2,612.8627517,609.8558327,7.19,29.86,8055,,165.5,,,,0,,,,,,,,,,,,,,,,,,,,,,
2,RALSGLEPF,Vps13d,2,612.8627517,609.8558327,7.18,29.87,8058,,900,,,,0,,,,,,,,,,,,,,,,,,,,,,
2,RALSGLEPF,Vps13d,2,612.8627517,609.8558327,7.1,29.67,8007,,348.8,,,,0,,,,,,,,,,,,,,,,,,,,,,
2,RALSGLEPF,Vps13d,2,612.8627517,609.8558327,7.07,29.83,8051,,900,,,,0,,,,,,,,,,,,,,,,,,,,,,
2,RALSGLEPF,Vps13d,2,612.8627517,609.8558327,7.07,29.65,8002,,163.5,,,,0,,,,,,,,,,,,,,,,,,,,,,
2,RALSGLEPF,Vps13d,2,612.8627517,609.8558327,7.06,29.63,7999,,900,,,,0,,,,,,,,,,,,,,,,,,,,,,
2,RALSGLEPF,Vps13d,2,612.8627517,609.8558327,7.05,29.61,7996,,161.6,,,,0,,,,,,,,,,,,,,,,,,,,,,
2,RALSGLEPF,Vps13d,2,612.8627517,609.8558327,6.98,29.89,8061,,173.6,,,,0,,,,,,,,,,,,,,,,,,,,,,
2,RALSGLEPF,Vps13d,2,612.8627517,609.8558327,6.41,29.75,8029,,173.6,,,,0,,,,,,,,,,,,,,,,,,,,,,
2,ASACNVQHL,Zhx3,2,617.8258415,614.8189225,6.92,20.73,5538,,409.7,,,,0,,,,,,,,,,,,,,,,,,,,,,
2,ASACNVQHL,Zhx3,2,617.8258415,614.8189225,6.86,20.7,5535,,789.8,,,,0,,,,,,,,,,,,,,,,,,,,,,
2,ASACNVQHL,Zhx3,2,617.8258415,614.8189225,6.79,20.64,5525,,900,,,,0,,,,,,,,,,,,,,,,,,,,,,
2,ASACNVQHL,Zhx3,2,617.8258415,614.8189225,6.75,20.67,5528,,788.7,,,,0,,,,,,,,,,,,,,,,,,,,,,
2,ASACNVQHL,Zhx3,2,617.8258415,614.8189225,6.4,20.57,5521,5522,900,2500,1,15.51,1,2.3,3,0,0,0,4.6,0,3.1,0,2.4,0,-0.473559671,0.03257135,-100,-100,-100,-0.604194384,-100,-0.38757131,-100,-0.29061963,-100
2,ASACNVQHL,Zhx3,2,617.8258415,614.8189225,6.35,20.87,5580,,900,,,,0,,,,,,,,,,,,,,,,,,,,,,
2,ASACNVQHL,Zhx3,2,617.8258415,614.8189225,6.09,20.74,5541,,287.5,,,,0,,,,,,,,,,,,,,,,,,,,,,
2,ASACNVQHL,Zhx3,2,617.8258415,614.8189225,5.95,20.9,5583,,900,,,,0,,,,,,,,,,,,,,,,,,,,,,
2,ASACNVQHL,Zhx3,2,617.8258415,614.8189225,5.89,20.69,5531,,358.7,,,,0,,,,,,,,,,,,,,,,,,,,,,
2,AQARNSLEL,Trpc1,2,618.8607403,615.8538213,8.87,22.88,6132,,328.7,,,,0,,,,,,,,,,,,,,,,,,,,,,
2,AQARNSLEL,Trpc1,2,618.8607403,615.8538213,8.18,22.9,6135,,900,,,,0,,,,,,,,,,,,,,,,,,,,,,
2,AQARNSLEL,Trpc1,2,618.8607403,615.8538213,7.74,22.92,6138,,442.7,,,,0,,,,,,,,,,,,,,,,,,,,,,
2,AQARNSLEL,Trpc1,2,618.8607403,615.8538213,7.33,22.93,6141,,900,,,,0,,,,,,,,,,,,,,,,,,,,,,
2,AQARNSLEL,Trpc1,2,618.8607403,615.8538213,7.24,22.86,6129,,851.1,,,,0,,,,,,,,,,,,,,,,,,,,,,
2,AQARNSLEL,Trpc1,2,618.8607403,615.8538213,7.02,22.96,6144,6145,281.4,1407.2,1,0,1,0,0,0,0,0,0,0,0,0,0,0,-100,-100,-100,-100,-100,-100,-100,-100,-100,-100,-100
2,AQARNSLEL,Trpc1,2,618.8607403,615.8538213,6.89,22.81,6125,6126,395.7,1978.5,2,78.41,0.07,0,21.3,0,2.4,0,18.4,0,0,18.4,16,1.8,-100,0.03257135,-100,0.24760069,-100,-0.013370579,-100,-100,-0.373250111,-0.174263054,-1.060368712
2,AQARNSLEL,Trpc1,2,618.8607403,615.8538213,6.69,23,6148,,82.7,,,,0,,,,,,,,,,,,,,,,,,,,,,
2,AQARNSLEL,Trpc1,2,618.8607403,615.8538213,6.53,22.7,6110,6111,900,2500,1,103.29,0.03,0,32.2,0,3.4,0,22.5,0,0,29,16.2,0,-100,-0.387533764,-100,-1.300570524,-100,-0.367864862,-100,-100,-0.373250111,-0.174263054,-100
2,AQARNSLEL,Trpc1,2,618.8607403,615.8538213,6.23,23.41,6265,,130.9,,,,0,,,,,,,,,,,,,,,,,,,,,,
2,SAMAMFGYM,Zbtb8os,2,622.2914022,619.2844832,7.49,38.29,9967,,900,,,,0,,,,,,,,,,,,,,,,,,,,,,
2,SAMAMFGYM,Zbtb8os,2,622.2914022,619.2844832,6.98,38.32,9970,,900,,,,0,,,,,,,,,,,,,,,,,,,,,,
2,SAMAMFGYM,Zbtb8os,2,622.2914022,619.2844832,6.69,38.27,9964,,900,,,,0,,,,,,,,,,,,,,,,,,,,,,
2,SAMAMFGYM,Zbtb8os,2,622.2914022,619.2844832,6.66,38.36,9976,,716.2,,,,0,,,,,,,,,,,,,,,,,,,,,,
2,SAMAMFGYM,Zbtb8os,2,622.2914022,619.2844832,6.65,38.34,9973,,900,,,,0,,,,,,,,,,,,,,,,,,,,,,
2,SAMAMFGYM,Zbtb8os,2,622.2914022,619.2844832,6.41,38.47,9987,9988,900,2500,1,8.44,0.02,0,0,0,0,0,3.6,0,0,2.5,2.4,0,-100,-100,-100,-100,-100,-0.722359145,-100,-100,0.212989911,-0.174263054,-100
2,SAMAMFGYM,Zbtb8os,2,622.2914022,619.2844832,6.34,38.4,9983,9984,900,2500,1,0,1,0,0,0,0,0,0,0,0,0,0,0,-100,-100,-100,-100,-100,-100,-100,-100,-100,-100,-100
2,SAMAMFGYM,Zbtb8os,2,622.2914022,619.2844832,6.29,38.39,9980,,457.9,,,,0,,,,,,,,,,,,,,,,,,,,,,
2,SAMAMFGYM,Zbtb8os,2,622.2914022,619.2844832,6.08,38.54,9991,9992,900,2500,1,0,0.03,0,0,0,0,0,0,0,0,0,0,0,-100,-100,-100,-100,-100,-100,-100,-100,-100,-100,-100
2,SAMAMFGYM,Zbtb8os,2,622.2914022,619.2844832,5.87,38.61,9995,,900,,,,0,,,,,,,,,,,,,,,,,,,,,,
2,SAMAMFGYM,Zbtb8os,2,622.2914022,619.2844832,5.72,38.66,10003,,900,,,,0,,,,,,,,,,,,,,,,,,,,,,
2,SAMAMFGYM,Zbtb8os,2,622.2914022,619.2844832,5.69,38.63,9999,,900,,,,0,,,,,,,,,,,,,,,,,,,,,,
2,SAMAMFGYM,Zbtb8os,2,622.2914022,619.2844832,5.69,38.7,10011,,900,,,,0,,,,,,,,,,,,,,,,,,,,,,
2,SAMAMFGYM,Zbtb8os,2,622.2914022,619.2844832,5.61,38.72,10015,,900,,,,0,,,,,,,,,,,,,,,,,,,,,,
2,SAMAMFGYM,Zbtb8os,2,622.2914022,619.2844832,5.5,38.75,10018,,900,,,,0,,,,,,,,,,,,,,,,,,,,,,
2,VAALREFLV,Ubl7,2,626.8965945,623.8896755,9.32,35.55,9345,,486.3,,,,0,,,,,,,,,,,,,,,,,,,,,,
2,VAALREFLV,Ubl7,2,626.8965945,623.8896755,8.65,35.47,9338,9340,900,2500,3,106.41,0.11,0,9.8,0,0,0,31.1,0,0,47.8,17.6,0,-100,-0.807638877,-100,-100,-100,-0.722359145,-100,-100,-0.842242128,-0.639689356,-100
2,VAALREFLV,Ubl7,2,626.8965945,623.8896755,7.97,35.57,9349,9351,900,2500,1,21.5,0.43,0,0,0,0,0,3.5,0,0,11.7,6.2,0,-100,-100,-100,-100,-100,-1.19501819,-100,-100,0.447485919,-0.057906479,-100
2,VAALREFLV,Ubl7,2,626.8965945,623.8896755,7.85,35.64,9356,,900,,,,0,,,,,,,,,,,,,,,,,,,,,,
2,VAALREFLV,Ubl7,2,626.8965945,623.8896755,7.31,35.69,9361,,900,,,,0,,,,,,,,,,,,,,,,,,,,,,
2,VAALREFLV,Ubl7,2,626.8965945,623.8896755,7.13,35.71,9365,9366,900,2500,1,9.87,1,0,0,0,0,0,2.1,0,0,5.3,2.4,0,-100,-100,-100,-100,-100,-0.249700101,-100,-100,0.916477937,-0.057906479,-100
2,VAALREFLV,Ubl7,2,626.8965945,623.8896755,7.12,35.78,9370,9372,900,2500,2,45.3,0.03,0,3,0,0,0,14.4,0,0,19.6,8.3,0,-100,-0.327518748,-100,-100,-100,-0.604194384,-100,-100,-0.60774612,0.407519823,-100
2,VAALREFLV,Ubl7,2,626.8965945,623.8896755,6.96,36.8,9668,,335.6,,,,0,,,,,,,,,,,,,,,,,,,,,,
2,VAALREFLV,Ubl7,2,626.8965945,623.8896755,6.9,36.78,9664,,230.1,,,,0,,,,,,,,,,,,,,,,,,,,,,
2,VAALREFLV,Ubl7,2,626.8965945,623.8896755,6.84,36.81,9672,,372.7,,,,0,,,,,,,,,,,,,,,,,,,,,,
2,VAALREFLV,Ubl7,2,626.8965945,623.8896755,6.63,35.86,9376,,488.6,,,,0,,,,,,,,,,,,,,,,,,,,,,
2,VAALREFLV,Ubl7,2,626.8965945,623.8896755,6.43,35.95,9383,,531.1,,,,0,,,,,,,,,,,,,,,,,,,,,,
2,VAALREFLV,Ubl7,2,626.8965945,623.8896755,6.29,36.83,9676,,495.2,,,,0,,,,,,,,,,,,,,,,,,,,,,
2,VAALREFLV,Ubl7,2,626.8965945,623.8896755,6.29,35.88,9379,9380,900,2500,1,16.93,0.53,0,0,0,0,0,5.8,0,0,7.4,3.8,0,-100,-100,-100,-100,-100,-0.13153534,-100,-100,0.916477937,0.174806672,-100
2,VAALREFLV,Ubl7,2,626.8965945,623.8896755,6.02,35.99,9391,,239,,,,0,,,,,,,,,,,,,,,,,,,,,,
2,VAALREFLV,Ubl7,2,626.8965945,623.8896755,6,35.97,9387,,702.7,,,,0,,,,,,,,,,,,,,,,,,,,,,
2,SAM*AMFGYM,Zbtb8os_OX1,2,630.2888572,627.2819382,7.43,33.81,8968,8969,900,2500,1,51.51,0.02,0,5.1,0,0,0,14.1,0,0,22.4,7.7,2.3,-100,-0.327518748,-100,-100,-100,0.341123704,-100,-100,-0.138754102,-0.29061963,-0.59496485
2,SAM*AMFGYM,Zbtb8os_OX1,2,630.2888572,627.2819382,7.43,33.75,8965,8967,900,2500,2,80.86,0.04,0,11.1,0,0,0,25.1,0,1.9,29.6,13.2,0,-100,0.392661447,-100,-100,-100,0.459288465,-100,-1.091093495,0.330237915,0.291163247,-100
2,SAM*AMFGYM,Zbtb8os_OX1,2,630.2888572,627.2819382,7.43,33.74,8964,,900,,,,0,,,,,,,,,,,,,,,,,,,,,,
2,SAM*AMFGYM,Zbtb8os_OX1,2,630.2888572,627.2819382,7.33,32.91,8787,8788,67.6,338.2,1,65.55,0.19,0,5.7,0,0,0,25.2,0,0,27.3,7.4,0,-100,-0.44754878,-100,-100,-100,0.459288465,-100,-100,0.447485919,-0.174263054,-100
2,SAM*AMFGYM,Zbtb8os_OX1,2,630.2888572,627.2819382,7.33,32.89,8784,8786,67.6,338.2,1,43.22,0.11,0,7.1,0,0,0,16.1,0,0,14.3,5.7,0,-100,-0.687608845,-100,-100,-100,-0.013370579,-100,-100,-0.256002107,-1.337828808,-100
2,SAM*AMFGYM,Zbtb8os_OX1,2,630.2888572,627.2819382,7.33,32.89,8783,,67.6,,,,0,,,,,,,,,,,,,,,,,,,,,,
2,SAMAM*FGYM,Zbtb8os_OX2,2,630.2888572,627.2819382,7.43,33.81,8968,8969,900,2500,1,51.51,0.02,0,5.1,0,0,0,14.1,0,0,22.4,7.7,2.3,-100,-0.327518748,-100,-100,-100,0.341123704,-100,-100,-0.138754102,-0.29061963,-0.59496485
2,SAMAM*FGYM,Zbtb8os_OX2,2,630.2888572,627.2819382,7.43,33.75,8965,8967,900,2500,2,80.86,0.04,0,11.1,0,0,0,25.1,0,1.9,29.6,13.2,0,-100,0.392661447,-100,-100,-100,0.459288465,-100,-1.091093495,0.330237915,0.291163247,-100
2,SAMAM*FGYM,Zbtb8os_OX2,2,630.2888572,627.2819382,7.43,33.74,8964,,900,,,,0,,,,,,,,,,,,,,,,,,,,,,
2,SAMAM*FGYM,Zbtb8os_OX2,2,630.2888572,627.2819382,7.33,32.91,8787,8788,67.6,338.2,1,65.55,0.19,0,5.7,0,0,0,25.2,0,0,27.3,7.4,0,-100,-0.44754878,-100,-100,-100,0.459288465,-100,-100,0.447485919,-0.174263054,-100
2,SAMAM*FGYM,Zbtb8os_OX2,2,630.2888572,627.2819382,7.33,32.89,8784,8786,67.6,338.2,1,43.22,0.11,0,7.1,0,0,0,16.1,0,0,14.3,5.7,0,-100,-0.687608845,-100,-100,-100,-0.013370579,-100,-100,-0.256002107,-1.337828808,-100
2,SAMAM*FGYM,Zbtb8os_OX2,2,630.2888572,627.2819382,7.33,32.89,8783,,67.6,,,,0,,,,,,,,,,,,,,,,,,,,,,
2,SAMAMFGYM*,Zbtb8os_OX3,2,630.2888572,627.2819382,7.43,33.81,8968,8969,900,2500,1,51.51,0.02,0,5.1,0,0,0,14.1,0,0,22.4,7.7,2.3,-100,-0.327518748,-100,-100,-100,0.341123704,-100,-100,-0.138754102,-0.29061963,-0.59496485
2,SAMAMFGYM*,Zbtb8os_OX3,2,630.2888572,627.2819382,7.43,33.75,8965,8967,900,2500,2,80.86,0.04,0,11.1,0,0,0,25.1,0,1.9,29.6,13.2,0,-100,0.392661447,-100,-100,-100,0.459288465,-100,-1.091093495,0.330237915,0.291163247,-100
2,SAMAMFGYM*,Zbtb8os_OX3,2,630.2888572,627.2819382,7.43,33.74,8964,,900,,,,0,,,,,,,,,,,,,,,,,,,,,,
2,SAMAMFGYM*,Zbtb8os_OX3,2,630.2888572,627.2819382,7.33,32.91,8787,8788,67.6,338.2,1,65.55,0.19,0,5.7,0,0,0,25.2,0,0,27.3,7.4,0,-100,-0.44754878,-100,-100,-100,0.459288465,-100,-100,0.447485919,-0.174263054,-100
2,SAMAMFGYM*,Zbtb8os_OX3,2,630.2888572,627.2819382,7.33,32.89,8784,8786,67.6,338.2,1,43.22,0.11,0,7.1,0,0,0,16.1,0,0,14.3,5.7,0,-100,-0.687608845,-100,-100,-100,-0.013370579,-100,-100,-0.256002107,-1.337828808,-100
2,SAMAMFGYM*,Zbtb8os_OX3,2,630.2888572,627.2819382,7.33,32.89,8783,,67.6,,,,0,,,,,,,,,,,,,,,,,,,,,,
2,SLLEHMSLL,Zbtb24,2,639.3720951,636.3651761,8.61,35.45,9334,,446.8,,,,0,,,,,,,,,,,,,,,,,,,,,,
2,SLLEHMSLL,Zbtb24,2,639.3720951,636.3651761,7.97,35.38,9330,9331,900,2500,2,106.29,0.07,3.3,9.6,0,0,0,26.8,2.3,2.5,38.8,23.1,0,0.494271252,0.752751544,-100,-100,-100,0.222958943,0.119202559,-0.153063915,0.330237915,0.291163247,-100
2,SLLEHMSLL,Zbtb24,2,639.3720951,636.3651761,7.06,35.48,9339,,425.8,,,,0,,,,,,,,,,,,,,,,,,,,,,
2,SLLEHMSLL,Zbtb24,2,639.3720951,636.3651761,6.84,35.59,9350,,345.9,,,,0,,,,,,,,,,,,,,,,,,,,,,
2,SLLEHMSLL,Zbtb24,2,639.3720951,636.3651761,6.77,35.66,9357,,900,,,,0,,,,,,,,,,,,,,,,,,,,,,
2,SLLEHMSLL,Zbtb24,2,639.3720951,636.3651761,6.75,35.29,9316,,900,,,,0,,,,,,,,,,,,,,,,,,,,,,
2,SLLEHMSLL,Zbtb24,2,639.3720951,636.3651761,6.65,35.32,9321,,285.2,,,,0,,,,,,,,,,,,,,,,,,,,,,
2,SLLEHMSLL,Zbtb24,2,639.3720951,636.3651761,6.62,35.37,9326,,372.5,,,,0,,,,,,,,,,,,,,,,,,,,,,
2,SLLEHMSLL,Zbtb24,2,639.3720951,636.3651761,5.87,35.8,9371,,900,,,,0,,,,,,,,,,,,,,,,,,,,,,
2,SLLEHMSLL,Zbtb24,2,639.3720951,636.3651761,5.86,36.97,9738,,900,,,,0,,,,,,,,,,,,,,,,,,,,,,
2,SLLEHM*SLL,Zbtb24_OX,2,647.3695501,644.3626311,8.16,29.97,8068,8069,214.8,1074,2,46.79,0.22,0,7.6,0,0,0,12.7,0,0,13.2,13.3,0,-100,0.572706495,-100,-100,-100,0.222958943,-100,-100,0.330237915,0.058450097,-100
2,SLLEHM*SLL,Zbtb24_OX,2,647.3695501,644.3626311,7.76,29.91,8064,8065,900,2500,2,243.99,0.07,0,47.1,0,0,0,55.5,0,2.3,64.9,74.1,0,-100,0.092586366,-100,-100,-100,-0.013370579,-100,-2.380884169,0.095741906,-0.057906479,-100
2,SLLEHM*SLL,Zbtb24_OX,2,647.3695501,644.3626311,6.23,30.01,8072,8073,259.6,1298,1,8.98,0.09,0,0,0,0,0,2.4,0,0,2.4,4.2,0,-100,-100,-100,-100,-100,-0.367864862,-100,-100,-0.60774612,-0.756045931,-100
2,LNQLYELAL,Xab2,2,656.3913419,653.3844229,8.42,41.05,10559,10560,900,2500,1,23.99,0.01,0,7.8,0,0,0,6.1,0,0,6.5,3.6,0,-100,0.272631414,-100,-100,-100,-0.249700101,-100,-100,-0.724994124,0.058450097,-100
2,LNQLYELAL,Xab2,2,656.3913419,653.3844229,7.98,41.03,10556,,900,,,,0,,,,,,,,,,,,,,,,,,,,,,
2,LNQLYELAL,Xab2,2,656.3913419,653.3844229,7.76,40.96,10552,10553,900,2500,2,26.86,0.03,0,6.1,0,0,0,6.5,0,2.5,5.8,5.9,0,-100,0.272631414,-100,-100,-100,-0.486029623,-100,-1.091093495,-0.490498115,-0.174263054,-100
2,LNQLYELAL,Xab2,2,656.3913419,653.3844229,7.68,41.12,10563,,900,,,,0,,,,,,,,,,,,,,,,,,,,,,
2,LNQLYELAL,Xab2,2,656.3913419,653.3844229,7.49,41.17,10569,,464,,,,0,,,,,,,,,,,,,,,,,,,,,,
2,LNQLYELAL,Xab2,2,656.3913419,653.3844229,7.35,41.18,10572,,413.8,,,,0,,,,,,,,,,,,,,,,,,,,,,
2,LNQLYELAL,Xab2,2,656.3913419,653.3844229,7.19,41.2,10575,,630.2,,,,0,,,,,,,,,,,,,,,,,,,,,,
2,LNQLYELAL,Xab2,2,656.3913419,653.3844229,7.12,41.14,10566,,900,,,,0,,,,,,,,,,,,,,,,,,,,,,
2,LNQLYELAL,Xab2,2,656.3913419,653.3844229,7.11,41.22,10578,,900,,,,0,,,,,,,,,,,,,,,,,,,,,,
2,LNQLYELAL,Xab2,2,656.3913419,653.3844229,6.93,41.24,10581,10582,900,2500,1,18.36,0.03,0,7.5,0,0,0,6.6,0,0,4.3,0,0,-100,0.03257135,-100,-100,-100,-0.486029623,-100,-100,0.447485919,-100,-100
2,LNQLYELAL,Xab2,2,656.3913419,653.3844229,6.72,41.31,10585,,900,,,,0,,,,,,,,,,,,,,,,,,,,,,
2,LNQLYELAL,Xab2,2,656.3913419,653.3844229,6.45,41.33,10588,,900,,,,0,,,,,,,,,,,,,,,,,,,,,,
2,LNQLYELAL,Xab2,2,656.3913419,653.3844229,6.18,41.38,10594,,900,,,,0,,,,,,,,,,,,,,,,,,,,,,
2,LNQLYELAL,Xab2,2,656.3913419,653.3844229,6.18,41.35,10591,,900,,,,0,,,,,,,,,,,,,,,,,,,,,,
2,LNQLYELAL,Xab2,2,656.3913419,653.3844229,6.15,41.4,10597,,674.4,,,,0,,,,,,,,,,,,,,,,,,,,,,
2,LNQLYELAL,Xab2,2,656.3913419,653.3844229,6.13,41.44,10603,,900,,,,0,,,,,,,,,,,,,,,,,,,,,,
2,LNQLYELAL,Xab2,2,656.3913419,653.3844229,6.09,41.42,10600,,900,,,,0,,,,,,,,,,,,,,,,,,,,,,
2,LNQLYELAL,Xab2,2,656.3913419,653.3844229,6.04,41.47,10606,,692.5,,,,0,,,,,,,,,,,,,,,,,,,,,,
2,LNQLYELAL,Xab2,2,656.3913419,653.3844229,5.96,41.49,10609,,900,,,,0,,,,,,,,,,,,,,,,,,,,,,
2,LNQLYELAL,Xab2,2,656.3913419,653.3844229,5.78,41.51,10612,10613,900,2500,1,22.24,0.04,0,8,0,0,0,5.7,0,0,5,3.5,0,-100,0.03257135,-100,-100,-100,-0.13153534,-100,-100,0.095741906,-1.454185384,-100
2,IMTQHLEPI,Tmem161a,2,658.8775446,655.8706256,8.72,28.85,7831,7832,900,2500,1,0,1,0,0,0,0,0,0,0,0,0,0,0,-100,-100,-100,-100,-100,-100,-100,-100,-100,-100,-100
2,IMTQHLEPI,Tmem161a,2,658.8775446,655.8706256,8.71,28.92,7835,,41.5,,,,0,,,,,,,,,,,,,,,,,,,,,,
2,IMTQHLEPI,Tmem161a,2,658.8775446,655.8706256,8.6,28.85,7828,,48.9,,,,0,,,,,,,,,,,,,,,,,,,,,,
2,IMTQHLEPI,Tmem161a,2,658.8775446,655.8706256,7.72,28.84,7825,,57.4,,,,0,,,,,,,,,,,,,,,,,,,,,,
2,IMTQHLEPI,Tmem161a,2,658.8775446,655.8706256,7.58,29.24,7935,,900,,,,0,,,,,,,,,,,,,,,,,,,,,,
2,IMTQHLEPI,Tmem161a,2,658.8775446,655.8706256,7.51,29.23,7931,,216.1,,,,0,,,,,,,,,,,,,,,,,,,,,,
2,IMTQHLEPI,Tmem161a,2,658.8775446,655.8706256,7.41,29.27,7938,,900,,,,0,,,,,,,,,,,,,,,,,,,,,,
2,IMTQHLEPI,Tmem161a,2,658.8775446,655.8706256,7.26,29.2,7924,,444.2,,,,0,,,,,,,,,,,,,,,,,,,,,,
2,IMTQHLEPI,Tmem161a,2,658.8775446,655.8706256,7.26,28.94,7842,,46.9,,,,0,,,,,,,,,,,,,,,,,,,,,,
2,IMTQHLEPI,Tmem161a,2,658.8775446,655.8706256,7.2,28.95,7845,,50.7,,,,0,,,,,,,,,,,,,,,,,,,,,,
2,IMTQHLEPI,Tmem161a,2,658.8775446,655.8706256,7.2,28.81,7822,,900,,,,0,,,,,,,,,,,,,,,,,,,,,,
2,IMTQHLEPI,Tmem161a,2,658.8775446,655.8706256,7.18,29.22,7928,,238.5,,,,0,,,,,,,,,,,,,,,,,,,,,,
2,IMTQHLEPI,Tmem161a,2,658.8775446,655.8706256,7.13,28.93,7838,,25.6,,,,0,,,,,,,,,,,,,,,,,,,,,,
2,IMTQHLEPI,Tmem161a,2,658.8775446,655.8706256,7.06,28.96,7848,7849,83.3,416.7,1,52.28,0.02,0,11.6,0,0,0,12.8,0,0,11.6,16.4,0,-100,0.03257135,-100,-100,-100,-0.013370579,-100,-100,-0.138754102,0.174806672,-100
2,IMTQHLEPI,Tmem161a,2,658.8775446,655.8706256,7.04,28.8,7819,,2.5,,,,0,,,,,,,,,,,,,,,,,,,,,,
2,IMTQHLEPI,Tmem161a,2,658.8775446,655.8706256,6.9,28.98,7854,,900,,,,0,,,,,,,,,,,,,,,,,,,,,,
2,IMTQHLEPI,Tmem161a,2,658.8775446,655.8706256,6.62,29.01,7858,,111.9,,,,0,,,,,,,,,,,,,,,,,,,,,,
2,LMLENYNNL,Zfp759,2,679.8646342,676.8577152,8.54,35.09,9276,,900,,,,0,,,,,,,,,,,,,,,,,,,,,,
2,LMLENYNNL,Zfp759,2,679.8646342,676.8577152,8.37,35.08,9272,,97.2,,,,0,,,,,,,,,,,,,,,,,,,,,,
2,LMLENYNNL,Zfp759,2,679.8646342,676.8577152,8.36,35.11,9280,,900,,,,0,,,,,,,,,,,,,,,,,,,,,,
2,LMLENYNNL,Zfp759,2,679.8646342,676.8577152,7.71,35.14,9284,,900,,,,0,,,,,,,,,,,,,,,,,,,,,,
2,LMLENYNNL,Zfp759,2,679.8646342,676.8577152,7.58,35.06,9268,,243.1,,,,0,,,,,,,,,,,,,,,,,,,,,,
2,LMLENYNNL,Zfp759,2,679.8646342,676.8577152,7.33,35.16,9288,,133.5,,,,0,,,,,,,,,,,,,,,,,,,,,,
2,LMLENYNNL,Zfp759,2,679.8646342,676.8577152,7.01,35.21,9296,9297,114.1,570.4,1,13.21,0.27,0,0,0,0,0,3.5,0,0,7,2.7,0,-100,-100,-100,-100,-100,0.93194751,-100,-100,-0.490498115,-0.756045931,-100
2,LMLENYNNL,Zfp759,2,679.8646342,676.8577152,6.98,35.17,9291,9292,189.1,945.5,1,26.12,0.05,0,3.1,0,0,0,6.5,0,0,10.8,5.8,0,-100,-0.087458683,-100,-100,-100,0.222958943,-100,-100,-0.373250111,-0.52333278,-100
2,LMLENYNNL,Zfp759,2,679.8646342,676.8577152,6.85,35.04,9264,,900,,,,0,,,,,,,,,,,,,,,,,,,,,,
2,LMLENYNNL,Zfp759,2,679.8646342,676.8577152,6.78,35.27,9311,,109.9,,,,0,,,,,,,,,,,,,,,,,,,,,,
2,LMLENYNNL,Zfp759,2,679.8646342,676.8577152,6.78,35.02,9261,,326.7,,,,0,,,,,,,,,,,,,,,,,,,,,,
2,LMLENYNNL,Zfp759,2,679.8646342,676.8577152,6.68,35.23,9300,,259.6,,,,0,,,,,,,,,,,,,,,,,,,,,,
2,LMLENYNNL,Zfp759,2,679.8646342,676.8577152,6.64,35.3,9317,,159.9,,,,0,,,,,,,,,,,,,,,,,,,,,,
2,LMLENYNNL,Zfp759,2,679.8646342,676.8577152,6.59,35.32,9322,9323,329.5,1647.7,1,39.55,0.02,0,4.1,0,0,0,11.4,0,0,16,8,0,-100,-0.567578812,-100,-100,-100,0.341123704,-100,-100,0.330237915,0.291163247,-100
2,LMLENYNNL,Zfp759,2,679.8646342,676.8577152,5.98,35.54,9342,,274,,,,0,,,,,,,,,,,,,,,,,,,,,,
2,SNFHFMCAL,Wbp7,2,681.3324453,678.3255263,8.78,31.21,8420,8421,283.6,1417.9,3,123.03,0.06,0,36.2,0,2.9,0,31.8,0,3,28.4,20.6,0,-100,0.452676463,-100,-0.824210151,-100,-0.13153534,-100,-0.035810217,0.212989911,0.174806672,-100
2,SNFHFMCAL,Wbp7,2,681.3324453,678.3255263,8.74,31.25,8424,,459.5,,,,0,,,,,,,,,,,,,,,,,,,,,,
2,SNFHFMCAL,Wbp7,2,681.3324453,678.3255263,7.78,31.26,8428,,315.3,,,,0,,,,,,,,,,,,,,,,,,,,,,
2,SNFHFMCAL,Wbp7,2,681.3324453,678.3255263,7.71,31.28,8431,,900,,,,0,,,,,,,,,,,,,,,,,,,,,,
2,SNFHFMCAL,Wbp7,2,681.3324453,678.3255263,7.62,31.31,8437,,126.7,,,,0,,,,,,,,,,,,,,,,,,,,,,
2,SNFHFMCAL,Wbp7,2,681.3324453,678.3255263,7.57,31.32,8440,,589,,,,0,,,,,,,,,,,,,,,,,,,,,,
2,SNFHFMCAL,Wbp7,2,681.3324453,678.3255263,7.56,31.18,8415,8416,141.1,705.4,2,14.58,0.38,0,0,0,0,0,4.1,0,3.2,3.4,3.9,0,-100,-100,-100,-100,-100,-0.367864862,-100,0.198697178,0.681981928,0.523876398,-100
2,SNFHFMCAL,Wbp7,2,681.3324453,678.3255263,7.55,31.3,8434,,114.5,,,,0,,,,,,,,,,,,,,,,,,,,,,
2,SNFHFMCAL,Wbp7,2,681.3324453,678.3255263,7.52,31.34,8443,,203.1,,,,0,,,,,,,,,,,,,,,,,,,,,,
2,SNFHFMCAL,Wbp7,2,681.3324453,678.3255263,7.48,31.14,8411,8412,265.7,1328.6,1,102.56,0.01,0,26.8,0,2.8,0,27.3,0,3.7,24.7,17.3,0,-100,0.092586366,-100,0.24760069,-100,0.104794182,-100,0.08144348,0.447485919,0.174806672,-100
2,SNFHFMCAL,Wbp7,2,681.3324453,678.3255263,7.43,31.35,8446,,326.9,,,,0,,,,,,,,,,,,,,,,,,,,,,
2,SNFHFMCAL,Wbp7,2,681.3324453,678.3255263,7.33,31.39,8452,8453,416,2080.2,1,117.27,0.01,0,28.7,0,3.2,0,31.9,0,2.3,31,18.1,2.1,-100,0.272631414,-100,-0.705120058,-100,0.459288465,-100,0.198697178,0.564733924,0.756589549,1.383001561
2,SNFHFMCAL,Wbp7,2,681.3324453,678.3255263,7.26,31.37,8449,,900,,,,0,,,,,,,,,,,,,,,,,,,,,,
2,SNFHFMCAL,Wbp7,2,681.3324453,678.3255263,7.08,31.44,8456,,349,,,,0,,,,,,,,,,,,,,,,,,,,,,
2,SNFHFMCAL,Wbp7,2,681.3324453,678.3255263,6.87,31.5,8471,,900,,,,0,,,,,,,,,,,,,,,,,,,,,,
2,SNFHFMCAL,Wbp7,2,681.3324453,678.3255263,6.73,31.77,8514,,900,,,,0,,,,,,,,,,,,,,,,,,,,,,
2,SNFHFMCAL,Wbp7,2,681.3324453,678.3255263,6.7,31.54,8477,8478,193.4,966.9,1,135.79,0.01,0,30.7,0,3.4,0,27.7,0,4.4,38.6,31.1,0,-100,0.152601382,-100,0.128510596,-100,0.341123704,-100,0.315950876,-0.021506098,0.291163247,-100
2,SNFHFMCAL,Wbp7,2,681.3324453,678.3255263,6.66,31.46,8460,,437.6,,,,0,,,,,,,,,,,,,,,,,,,,,,
2,SNFHFMCAL,Wbp7,2,681.3324453,678.3255263,6.58,31.58,8484,8485,300.3,1501.3,1,106.78,0.01,0,27.4,0,0,0,21.5,0,1.8,35.1,20.9,0,-100,0.452676463,-100,-100,-100,0.104794182,-100,-0.8565861,0.447485919,-0.174263054,-100
2,RGFM*WLPGF,Zfp597_OX,2,681.3671448,678.3602258,7.92,36.16,9422,,900,,,,0,,,,,,,,,,,,,,,,,,,,,,
2,RGFM*WLPGF,Zfp597_OX,2,681.3671448,678.3602258,7.81,36.1,9418,9419,900,2500,1,0,1,0,0,0,0,0,0,0,0,0,0,0,-100,-100,-100,-100,-100,-100,-100,-100,-100,-100,-100
2,RGFM*WLPGF,Zfp597_OX,2,681.3671448,678.3602258,7.13,36.07,9414,,757.5,,,,0,,,,,,,,,,,,,,,,,,,,,,
2,RGFM*WLPGF,Zfp597_OX,2,681.3671448,678.3602258,6.98,36.19,9426,,237.8,,,,0,,,,,,,,,,,,,,,,,,,,,,
2,RGFM*WLPGF,Zfp597_OX,2,681.3671448,678.3602258,6.9,36.21,9431,,333.6,,,,0,,,,,,,,,,,,,,,,,,,,,,
2,RGFM*WLPGF,Zfp597_OX,2,681.3671448,678.3602258,6.7,36.22,9435,,900,,,,0,,,,,,,,,,,,,,,,,,,,,,
2,RGFM*WLPGF,Zfp597_OX,2,681.3671448,678.3602258,6.26,36.99,9742,,900,,,,0,,,,,,,,,,,,,,,,,,,,,,
2,RGFM*WLPGF,Zfp597_OX,2,681.3671448,678.3602258,6.24,37.24,9830,9831,900,2500,1,41.36,0.02,0,7.5,0,0,0,14.6,0,0,15,4.1,0,-100,0.092586366,-100,-100,-100,-0.013370579,-100,-100,-0.138754102,-0.174263054,-100
2,RGFM*WLPGF,Zfp597_OX,2,681.3671448,678.3602258,6.24,37.02,9746,,900,,,,0,,,,,,,,,,,,,,,,,,,,,,
2,RGFM*WLPGF,Zfp597_OX,2,681.3671448,678.3602258,6.12,36.33,9473,,302.8,,,,0,,,,,,,,,,,,,,,,,,,,,,
2,RGFM*WLPGF,Zfp597_OX,2,681.3671448,678.3602258,5.99,37.22,9824,,260.2,,,,0,,,,,,,,,,,,,,,,,,,,,,
2,LM*LENYNNL,Zfp759_OX,2,687.8620892,684.8551702,7.89,32.44,8683,8684,246.2,1231,1,5.39,0.08,0,0,0,0,0,2.6,0,0,2.8,0,0,-100,-100,-100,-100,-100,-0.604194384,-100,-100,1.385469954,-100,-100
2,LM*LENYNNL,Zfp759_OX,2,687.8620892,684.8551702,7.83,32.43,8679,,166.3,,,,0,,,,,,,,,,,,,,,,,,,,,,
2,LM*LENYNNL,Zfp759_OX,2,687.8620892,684.8551702,7.78,32.47,8687,,134.5,,,,0,,,,,,,,,,,,,,,,,,,,,,
2,LM*LENYNNL,Zfp759_OX,2,687.8620892,684.8551702,7.6,32.41,8675,,168,,,,0,,,,,,,,,,,,,,,,,,,,,,
2,LM*LENYNNL,Zfp759_OX,2,687.8620892,684.8551702,7.42,32.4,8671,,96.4,,,,0,,,,,,,,,,,,,,,,,,,,,,
2,LM*LENYNNL,Zfp759_OX,2,687.8620892,684.8551702,6.68,32.38,8665,,262.4,,,,0,,,,,,,,,,,,,,,,,,,,,,
2,SNFHFM*CAL,Wbp7_OX,2,689.3299003,686.3229813,7.85,27.67,7468,,202.5,,,,0,,,,,,,,,,,,,,,,,,,,,,
2,SNFHFM*CAL,Wbp7_OX,2,689.3299003,686.3229813,7.51,27.61,7464,7465,466.5,2332.6,3,168.96,0.09,0,37.6,0,2.9,0,49.1,0,3.7,40.5,35.1,0,-100,0.272631414,-100,0.723961063,-100,0.341123704,-100,-0.739332403,0.330237915,0.174806672,-100
2,SNFHFM*CAL,Wbp7_OX,2,689.3299003,686.3229813,7.15,27.68,7471,,118.2,,,,0,,,,,,,,,,,,,,,,,,,,,,
2,SNFHFM*CAL,Wbp7_OX,2,689.3299003,686.3229813,6.98,27.7,7475,7476,211.9,1059.7,1,40,0.03,0,6.4,0,0,0,10.8,0,0,11.4,11.4,0,-100,-0.267503731,-100,-100,-100,-0.13153534,-100,-100,-0.138754102,-0.057906479,-100
2,SNFHFM*CAL,Wbp7_OX,2,689.3299003,686.3229813,6.92,27.5,7456,7457,900,2500,2,117.03,0.03,0,25.6,0,2.2,0,33.5,0,3,29.1,23.6,0,-100,0.03257135,-100,0.128510596,-100,-0.13153534,-100,-1.32560089,-0.138754102,-0.057906479,-100
2,SNFHFM*CAL,Wbp7_OX,2,689.3299003,686.3229813,6.73,27.57,7460,7461,319.8,1599.1,1,51.1,0.02,0,11.8,0,0,0,14.7,0,0,14,10.6,0,-100,-0.147473699,-100,-100,-100,0.104794182,-100,-100,-0.373250111,-0.174263054,-100
2,VVFNHFYNI,Tnc,2,694.3838513,691.3769323,8.44,32.6,8720,,192.9,,,,0,,,,,,,,,,,,,,,,,,,,,,
2,VVFNHFYNI,Tnc,2,694.3838513,691.3769323,8.27,32.61,8723,,167.9,,,,0,,,,,,,,,,,,,,,,,,,,,,
2,VVFNHFYNI,Tnc,2,694.3838513,691.3769323,8.19,32.58,8715,,211.6,,,,0,,,,,,,,,,,,,,,,,,,,,,
2,VVFNHFYNI,Tnc,2,694.3838513,691.3769323,8.01,32.62,8726,8727,900,2500,1,0,0.06,0,0,0,0,0,0,0,0,0,0,0,-100,-100,-100,-100,-100,-100,-100,-100,-100,-100,-100
2,VVFNHFYNI,Tnc,2,694.3838513,691.3769323,7.59,32.69,8730,,900,,,,0,,,,,,,,,,,,,,,,,,,,,,
2,VVFNHFYNI,Tnc,2,694.3838513,691.3769323,7.22,32.57,8710,,102.8,,,,0,,,,,,,,,,,,,,,,,,,,,,
2,FALM*NLKAL,Tmem135_OX,2,753.9733882,747.9595502,7.44,34.67,9179,9180,900,2500,2,8.28,0.06,0,0,0,0,0,4,0,0,4.3,0,0,-100,-100,-100,-100,-100,-0.604194384,-100,-100,-0.256002107,-100,-100
2,FALM*NLKAL,Tmem135_OX,2,753.9733882,747.9595502,7.15,34.46,9135,9136,900,2500,1,2.34,0.03,0,0,0,0,0,2.3,0,0,0,0,0,-100,-100,-100,-100,-100,1.050112271,-100,-100,-100,-100,-100